inventory_id,product_id,warehouse,quantity_on_hand,last_updated
1,1,SOUTH JORDAN,22,2026-04-01
2,2,SOUTH JORDAN,405,2026-04-22
3,2,Unknown,253,2026-04-23
4,2,West Valley,257,2026-04-10
5,3,south jordan ,51,2026-04-02
6,4,Draper,209,2026-04-22
7,5,south jordan ,400,2026-04-10
8,6,SOUTH JORDAN,168,2026-03-08
9,6,Salt Lake City,273,2026-04-11
10,6,Unknown,320,2026-03-14
11,7,Unknown,316,2026-03-22
12,7,SLC,350,2026-04-17
13,8,Salt Lake City,389,2026-03-07
14,8,SOUTH JORDAN,51,2026-03-18
15,8,SLC,153,2026-04-29
16,9,SLC,183,2026-04-22
17,9,Lehi,125,2026-03-26
18,10,Draper,40,2026-04-07
19,10,Unknown,317,2026-03-31
20,10,Salt Lake City,467,2026-04-17
21,11,Lehi,130,2026-03-05
22,11,south jordan ,411,2026-04-13
23,12,Unknown,226,2026-03-25
24,12,Draper,153,2026-04-04
25,12,SLC,353,2026-03-08
26,13,DRPR,436,2026-04-16
27,13,SOUTH JORDAN,195,2026-03-26
28,14,Lehi,500,2026-04-06
29,14,SLC,-2,2026-03-04
30,15,south jordan ,409,2026-03-11
31,15,Lehi,180,2026-04-19
32,15,SOUTH JORDAN,317,2026-03-14
33,16,Draper,330,2026-03-12
34,16,Salt Lake City,225,2026-04-08
35,16,West Valley,374,2026-03-04
36,17,West Valley,89,2026-03-12
37,17,SOUTH JORDAN,276,2026-04-08
38,18,Unknown,84,2026-03-10
39,18,Lehi,483,2026-03-11
40,18,SOUTH JORDAN,151,2026-04-10
41,19,south jordan ,493,2026-03-14
42,20,SOUTH JORDAN,495,2026-03-27
43,21,Salt Lake City,7,2026-04-24
44,21,SOUTH JORDAN,232,2026-03-15
45,22,Lehi,326,2026-04-25
46,22,SOUTH JORDAN,345,2026-04-30
47,22,south jordan ,317,2026-03-27
48,23,DRPR,325,2026-03-04
49,23,Salt Lake City,358,2026-04-05
50,24,Draper,23,2026-04-12
51,25,Salt Lake City,120,2026-04-23
52,25,Unknown,198,2026-03-20
53,26,Unknown,380,2026-03-06
54,26,SOUTH JORDAN,212,2026-03-09
55,26,Lehi,250,2026-03-02
56,27,SLC,111,2026-03-02
57,27,West Valley,120,2026-04-25
58,28,West Valley,203,2026-04-24
59,28,Unknown,485,2026-04-02
60,28,SLC,46,2026-03-21
61,29,SLC,170,2026-04-23
62,29,Unknown,402,2026-04-27
63,29,SOUTH JORDAN,424,2026-04-18
64,30,DRPR,396,2026-03-05
65,30,Unknown,-5,2026-04-23
66,30,Draper,276,2026-04-20
67,31,SLC,-8,2026-03-25
68,32,SLC,135,2026-03-15
69,32,Draper,215,2026-03-15
70,33,south jordan ,229,2026-03-30
71,34,Salt Lake City,113,2026-04-29
72,34,south jordan ,372,2026-03-07
73,34,Lehi,337,2026-04-02
74,35,SLC,433,2026-03-19
75,35,Unknown,55,2026-03-04
76,35,DRPR,227,2026-04-26
77,36,Draper,64,2026-03-22
78,36,Salt Lake City,299,2026-04-11
79,37,Unknown,232,2026-04-04
80,37,Lehi,50,2026-04-24
81,38,Unknown,231,2026-04-05
82,38,DRPR,173,2026-04-06
83,38,south jordan ,212,2026-04-11
84,39,West Valley,191,2026-03-19
85,39,Lehi,472,2026-04-26
86,40,Salt Lake City,221,2026-03-15
87,41,Draper,300,2026-03-27
88,41,SLC,168,2026-04-05
89,42,SOUTH JORDAN,495,2026-04-12
90,42,SLC,180,2026-03-30
91,43,Draper,336,2026-03-08
92,44,West Valley,432,2026-04-24
93,45,DRPR,432,2026-03-13
94,45,SOUTH JORDAN,419,2026-03-19
95,46,Unknown,475,2026-03-18
96,46,SLC,-9,2026-03-18
97,46,Lehi,390,2026-04-10
98,47,SLC,445,2026-03-20
99,47,Draper,205,2026-03-15
100,48,SLC,271,2026-04-05
101,48,Salt Lake City,232,2026-04-08
102,48,West Valley,159,2026-03-13
103,49,Salt Lake City,80,2026-04-28
104,49,SLC,345,2026-04-03
105,49,Unknown,338,2026-03-24
106,50,SOUTH JORDAN,110,2026-04-24
107,50,Lehi,176,2026-04-13
108,51,south jordan ,112,2026-03-24
109,51,Lehi,-10,2026-03-02
110,51,SLC,108,2026-03-14
111,52,Lehi,-14,2026-04-20
112,52,West Valley,66,2026-03-17
113,53,Unknown,286,2026-03-11
114,54,Salt Lake City,441,2026-04-04
115,54,SOUTH JORDAN,9,2026-04-27
116,55,SOUTH JORDAN,363,2026-04-13
117,55,Unknown,58,2026-04-11
118,56,south jordan ,425,2026-04-08
119,57,SOUTH JORDAN,432,2026-04-04
120,58,SOUTH JORDAN,445,2026-04-10
121,58,Salt Lake City,113,2026-04-21
122,58,DRPR,39,2026-04-24
123,59,Unknown,178,2026-03-10
124,59,DRPR,330,2026-04-16
125,59,SOUTH JORDAN,52,2026-04-19
126,60,Draper,389,2026-04-27
127,61,south jordan ,237,2026-03-14
128,62,south jordan ,497,2026-04-22
129,62,West Valley,225,2026-04-03
130,62,SOUTH JORDAN,323,2026-04-14
131,63,SLC,37,2026-04-03
132,63,West Valley,19,2026-03-09
133,63,Lehi,146,2026-03-07
134,64,Unknown,196,2026-03-27
135,65,SLC,292,2026-04-11
136,65,south jordan ,309,2026-04-22
137,65,SOUTH JORDAN,490,2026-04-25
138,66,Salt Lake City,20,2026-04-03
139,66,Draper,224,2026-03-23
140,67,West Valley,190,2026-04-07
141,68,West Valley,404,2026-04-10
142,68,SLC,33,2026-03-27
143,69,SOUTH JORDAN,370,2026-03-04
144,69,Lehi,308,2026-04-10
145,69,Draper,41,2026-04-22
146,70,Lehi,66,2026-03-02
147,70,SOUTH JORDAN,43,2026-04-07
148,71,West Valley,359,2026-03-15
149,71,Draper,350,2026-04-26
150,71,Unknown,330,2026-03-30
151,72,SLC,158,2026-04-18
152,72,West Valley,174,2026-03-31
153,73,DRPR,70,2026-04-13
154,74,Unknown,394,2026-03-15
155,75,SLC,316,2026-04-07
156,75,West Valley,78,2026-03-09
157,75,SOUTH JORDAN,354,2026-03-11
158,76,south jordan ,22,2026-03-19
159,77,DRPR,145,2026-03-12
160,77,south jordan ,229,2026-04-16
161,77,Lehi,158,2026-03-12
162,78,DRPR,347,2026-04-03
163,78,West Valley,236,2026-03-13
164,79,Unknown,494,2026-04-19
165,79,SOUTH JORDAN,410,2026-03-07
166,80,SLC,447,2026-03-03
167,80,south jordan ,52,2026-03-29
168,81,Lehi,42,2026-04-14
169,82,Unknown,425,2026-03-02
170,82,Draper,466,2026-04-03
171,83,SLC,27,2026-04-08
172,83,SOUTH JORDAN,120,2026-04-26
173,84,DRPR,163,2026-03-09
174,84,SLC,365,2026-03-12
175,85,Draper,19,2026-03-09
176,86,Draper,229,2026-03-05
177,86,south jordan ,-7,2026-03-09
178,87,Unknown,481,2026-03-29
179,88,Salt Lake City,121,2026-04-28
180,88,Lehi,122,2026-03-12
181,89,south jordan ,428,2026-03-24
182,89,Salt Lake City,-17,2026-03-26
183,89,SLC,123,2026-04-13
184,90,SLC,123,2026-04-20
185,90,West Valley,340,2026-03-29
186,91,Salt Lake City,199,2026-04-29
187,91,SLC,325,2026-04-08
188,92,SLC,403,2026-04-16
189,92,West Valley,375,2026-04-25
190,93,West Valley,180,2026-03-10
191,93,Draper,329,2026-03-13
192,93,SLC,350,2026-03-18
193,94,Draper,32,2026-03-02
194,94,Unknown,234,2026-04-19
195,95,DRPR,453,2026-03-03
196,96,Unknown,417,2026-04-15
197,96,SOUTH JORDAN,18,2026-04-19
198,97,West Valley,443,2026-04-14
199,97,SLC,63,2026-04-04
200,98,south jordan ,173,2026-03-31
201,98,SOUTH JORDAN,354,2026-03-03
202,99,Lehi,217,2026-03-24
203,99,Salt Lake City,421,2026-04-13
204,99,West Valley,164,2026-04-11
205,100,Lehi,308,2026-04-21
206,100,Unknown,353,2026-04-03
207,100,DRPR,21,2026-03-04
208,101,SOUTH JORDAN,327,2026-03-02
209,101,Lehi,29,2026-03-22
210,102,West Valley,487,2026-03-08
211,102,Draper,311,2026-04-03
212,103,Draper,34,2026-03-21
213,104,West Valley,486,2026-03-24
214,104,SOUTH JORDAN,78,2026-03-02
215,105,West Valley,390,2026-04-23
216,105,south jordan ,271,2026-04-11
217,106,Lehi,13,2026-03-31
218,106,DRPR,265,2026-03-27
219,106,SLC,60,2026-04-15
220,107,south jordan ,146,2026-03-31
221,107,DRPR,102,2026-03-08
222,107,Lehi,37,2026-03-05
223,108,south jordan ,349,2026-04-11
224,108,Salt Lake City,341,2026-04-27
225,108,SOUTH JORDAN,281,2026-03-05
226,109,Draper,406,2026-04-17
227,109,Unknown,62,2026-03-12
228,110,DRPR,404,2026-04-08
229,111,West Valley,282,2026-03-06
230,111,south jordan ,44,2026-04-06
231,111,SOUTH JORDAN,367,2026-03-29
232,112,SOUTH JORDAN,64,2026-03-21
233,112,Salt Lake City,37,2026-03-19
234,113,West Valley,399,2026-03-25
235,113,Draper,93,2026-04-23
236,113,SOUTH JORDAN,221,2026-03-07
237,114,Salt Lake City,265,2026-04-21
238,115,West Valley,478,2026-04-09
239,116,Lehi,100,2026-03-27
240,116,Salt Lake City,140,2026-04-12
241,116,Draper,314,2026-03-30
242,117,Draper,337,2026-03-05
243,117,Unknown,309,2026-03-03
244,117,Salt Lake City,288,2026-03-07
245,118,Salt Lake City,23,2026-03-13
246,119,Lehi,292,2026-03-22
247,119,DRPR,15,2026-03-22
248,119,SOUTH JORDAN,279,2026-04-12
249,120,DRPR,152,2026-03-18
250,120,SOUTH JORDAN,30,2026-04-05
251,121,south jordan ,174,2026-04-11
252,121,DRPR,441,2026-03-16
253,122,SOUTH JORDAN,389,2026-03-27
254,122,Draper,54,2026-04-02
255,123,Lehi,230,2026-04-25
256,124,Lehi,484,2026-03-23
257,125,DRPR,416,2026-03-26
258,125,Draper,369,2026-03-14
259,126,south jordan ,263,2026-03-06
260,127,south jordan ,46,2026-03-30
261,127,SLC,234,2026-04-18
262,128,West Valley,144,2026-03-06
263,128,SLC,431,2026-04-01
264,128,south jordan ,146,2026-03-08
265,129,SOUTH JORDAN,68,2026-03-16
266,130,SOUTH JORDAN,23,2026-03-26
267,130,West Valley,287,2026-03-27
268,131,Salt Lake City,258,2026-03-27
269,131,SOUTH JORDAN,143,2026-03-23
270,132,Salt Lake City,201,2026-04-10
271,132,Draper,285,2026-03-14
272,132,SLC,73,2026-03-30
273,133,Unknown,23,2026-03-17
274,133,SLC,170,2026-03-29
275,134,Draper,167,2026-04-11
276,134,Unknown,83,2026-03-23
277,135,Lehi,424,2026-03-31
278,135,West Valley,362,2026-04-01
279,135,Unknown,-11,2026-03-19
280,136,SOUTH JORDAN,298,2026-03-05
281,137,SLC,495,2026-03-13
282,137,south jordan ,296,2026-03-16
283,137,Draper,26,2026-04-21
284,138,SOUTH JORDAN,348,2026-03-26
285,138,Draper,485,2026-04-19
286,138,Unknown,9,2026-04-05
287,139,SOUTH JORDAN,353,2026-03-30
288,140,south jordan ,70,2026-03-27
289,140,SLC,166,2026-04-01
290,140,West Valley,269,2026-04-20
291,141,Unknown,279,2026-03-13
292,141,West Valley,444,2026-03-21
293,142,Lehi,490,2026-03-27
294,142,south jordan ,152,2026-04-12
295,142,Salt Lake City,394,2026-04-18
296,143,south jordan ,178,2026-03-03
297,143,West Valley,407,2026-04-13
298,143,DRPR,62,2026-03-28
299,144,SOUTH JORDAN,488,2026-04-22
300,144,West Valley,148,2026-03-17
301,145,West Valley,473,2026-04-15
302,146,south jordan ,423,2026-03-03
303,146,DRPR,287,2026-04-23
304,146,Salt Lake City,55,2026-03-25
305,147,DRPR,25,2026-03-29
306,148,DRPR,26,2026-04-10
307,149,south jordan ,394,2026-03-27
308,149,Salt Lake City,500,2026-04-05
309,149,West Valley,334,2026-03-06
310,150,south jordan ,387,2026-04-11
311,150,DRPR,146,2026-03-04
312,9999,SLC,50,2026-05-01
