"shipment_id","order_id","carrier","ship_from_warehouse","shipped_date","promised_delivery_date","delivered_date","freight_cost","shipment_status"
1,1001,"USPS","Salt Lake City","2026-01-22","2026-01-28","2026-01-30",25.61,"Delivered"
2,1002,"FEDEX","Draper","2026-03-19","2026-03-20","2026-03-25",95.73,"Late"
3,1003,"DHL","Lehi","2026-04-20","2026-04-18","2026-04-24",4.79,"Late"
4,1004,"ONTRAC","Lehi","2026-03-28","2026-03-21","2026-04-05",39.59,"Delivered"
5,1006,"ONTRAC","South Jordan","2026-01-21","2026-01-27","2026-01-29",97.81,"Delivered"
6,1007,"XPO","South Jordan","2026-01-21","2026-01-17","2026-01-26",51.43,"Late"
7,1008,"FEDEX","Salt Lake City","2026-04-08","2026-04-11","2026-04-17",49.59,"Delivered"
8,1009,"DHL","Draper","2026-03-24","2026-03-24","2026-03-25",32.39,"Late"
9,1010,"USPS","South Jordan","2026-03-06","2026-03-04","2026-03-13",68.48,"Late"
10,1011,"ONTRAC","Draper","2026-03-29","2026-03-25","2026-04-07",51.87,"Delivered"
11,1012,"FEDEX","Draper","2026-03-09","2026-03-11","2026-03-19",73.94,"Delivered"
12,1014,"ONTRAC","South Jordan","2026-03-13","2026-03-20","2026-03-17",604.32,"Late"
13,1015,"UPS","South Jordan","2026-02-16","2026-02-11","2026-02-18",113.64,"In Transit"
14,1016,"UPS","Salt Lake City","2026-03-10","2026-03-06","2026-03-11",4.77,"Late"
15,1017,"UPS","Salt Lake City","2026-03-14","2026-03-16","2026-03-16",79.83,"Delivered"
16,1018,"ONTRAC","Salt Lake City","2026-04-17","2026-04-12","2026-04-27",117.37,"In Transit"
17,1019,"DHL","West Valley","2026-02-24","2026-02-28","2026-02-27",69.42,"Delivered"
18,1020,"FEDEX","South Jordan","2026-02-11","2026-02-08","2026-02-17",68.15,"Delivered"
19,1021,"USPS","Lehi","2026-03-22","2026-03-21","2026-03-28",469.55,"Delivered"
20,1022,"DHL","Draper","2026-02-12","2026-02-08","2026-02-15",20.11,"Delivered"
21,1023,"XPO","Draper","2026-02-20","2026-02-17","2026-02-26",55.07,"Late"
22,1024,"XPO","South Jordan","2026-04-01","2026-03-30","2026-04-04",83.08,"In Transit"
23,1026,"XPO","South Jordan","2026-04-04","2026-04-10","2026-04-14",9.14,"Late"
24,1027,"FEDEX","South Jordan","2026-04-21","2026-04-28","2026-04-24",44.41,"Late"
25,1028,"DHL","Salt Lake City","2026-05-07","2026-05-09","2026-05-10",25.62,"Late"
26,1029,"USPS","South Jordan","2026-02-28","2026-02-25","2026-03-10",49.54,"Late"
27,1030,"DHL","Draper","2026-02-14","2026-02-17","2026-02-20",84.44,"Late"
28,1031,"ONTRAC","South Jordan","2026-04-13","2026-04-11","2026-04-21",19.84,"Delivered"
29,1032,"XPO","South Jordan","2026-05-13","2026-05-10","2026-05-22",99.42,"Late"
30,1033,"ONTRAC","South Jordan","2026-02-27","2026-02-28","2026-03-09",83.94,"In Transit"
31,1034,"FEDEX","West Valley","2026-02-04","2026-02-09","2026-02-07",85.37,"In Transit"
32,1035,"UPS","South Jordan","2026-04-11","2026-04-18","2026-04-19",77.64,"In Transit"
33,1036,"FEDEX","Draper","2026-04-19","2026-04-22","2026-04-22",826.92,"Late"
34,1038,"UPS","Salt Lake City","2026-01-21","2026-01-25","2026-01-24",78.42,"Late"
35,1039,"FEDEX","Draper","2026-02-12","2026-02-18","2026-02-19",44.78,"Late"
36,1040,"USPS","West Valley","2026-01-31","2026-01-28","2026-02-02",65.28,"In Transit"
37,1041,"DHL","South Jordan","2026-04-15","2026-04-16","2026-04-20",76.91,"Delivered"
38,1042,"UPS","Draper","2026-01-25","2026-01-29","2026-02-01",88.68,"Delivered"
39,1043,"XPO","Lehi","2026-04-21","2026-04-25","2026-04-29",114.55,"In Transit"
40,1044,"UPS","South Jordan","2026-04-13","2026-04-08","2026-04-18",86.63,"Delivered"
41,1045,"FEDEX","Draper","2026-05-10","2026-05-14","2026-05-11",58.72,"Delivered"
42,1046,"XPO","Draper","2026-04-17","2026-04-22","2026-04-21",37.83,"Delivered"
43,1047,"UPS","Draper","2026-04-09","2026-04-07","2026-04-16",102.48,"Late"
44,1048,"XPO","South Jordan","2026-03-08","2026-03-09","2026-03-10",71.37,"Delivered"
45,1049,"FEDEX","Salt Lake City","2026-01-16","2026-01-19","2026-01-19",94.47,"In Transit"
46,1050,"FEDEX","Lehi","2026-05-02","2026-04-30","2026-05-10",34.74,"Late"
47,1051,"DHL","South Jordan","2026-01-20","2026-01-15","2026-01-25",99.13,"Late"
48,1052,"UPS","Salt Lake City","2026-03-14","2026-03-12","2026-03-16",71.55,"Delivered"
49,1053,"DHL","Salt Lake City","2026-02-19","2026-02-23","2026-03-01",54.25,"Delivered"
50,1054,"FEDEX","South Jordan","2026-04-25","2026-04-26","2026-05-03",11.07,"In Transit"
51,1055,"UPS","Draper","2026-03-12","2026-03-09","2026-03-22",119.95,"In Transit"
52,1056,"ONTRAC","Draper","2026-03-18","2026-03-12","2026-03-24",113.92,"Delivered"
53,1057,"FEDEX","West Valley","2026-03-28","2026-03-26","2026-03-29",42.48,"In Transit"
54,1058,"XPO","West Valley","2026-03-25","2026-03-27","2026-04-01",95.85,"In Transit"
55,1059,"ONTRAC","Draper","2026-04-10","2026-04-04","2026-04-13",73.88,"Late"
56,1060,"FEDEX","Salt Lake City","2026-02-05","2026-01-29","2026-02-11",55.81,"Late"
57,1061,"DHL","Draper","2026-03-12","2026-03-12","2026-03-19",44.74,"In Transit"
58,1062,"UPS","West Valley","2026-04-30","2026-04-29","2026-05-07",22.66,"Late"
59,1063,"ONTRAC","South Jordan","2026-05-13","2026-05-08","2026-05-18",31.56,"In Transit"
60,1065,"UPS","Draper","2026-03-22","2026-03-21","2026-03-27",30.24,"Delivered"
61,1066,"DHL","Salt Lake City","2026-01-23","2026-01-25","2026-01-27",97.78,"Delivered"
62,1067,"UPS","Salt Lake City","2026-02-22","2026-02-27","2026-03-04",71.59,"Late"
63,1069,"UPS","Draper","2026-01-08","2026-01-11","2026-01-16",92.1,"Delivered"
64,1070,"ONTRAC","South Jordan","2026-03-25","2026-03-28","2026-03-29",35.78,"Delivered"
65,1071,"XPO","Salt Lake City","2026-01-17","2026-01-11","2026-01-22",79.58,"Delivered"
66,1072,"DHL","Lehi","2026-02-12","2026-02-07","2026-02-19",107.88,"In Transit"
67,1073,"ONTRAC","South Jordan","2026-05-07","2026-05-03","2026-05-08",97.43,"Late"
68,1074,"ONTRAC","Draper","2026-02-08","2026-02-07","2026-02-16",18.84,"Late"
69,1075,"FEDEX","Draper","2026-01-30","2026-01-27","2026-02-06",10.27,"Late"
70,1076,"DHL","South Jordan","2026-04-21","2026-04-17","2026-04-24",75.28,"Delivered"
71,1077,"ONTRAC","Lehi","2026-04-11","2026-04-16","2026-04-17",40.2,"In Transit"
72,1078,"ONTRAC","Salt Lake City","2026-01-17","2026-01-21","2026-01-18",47.52,"Late"
73,1079,"XPO","Salt Lake City","2026-01-13","2026-01-19","2026-01-18",59.03,"Late"
74,1080,"UPS","South Jordan","2026-04-25","2026-04-21","2026-05-01",85.6,"In Transit"
75,1081,"USPS","Draper","2026-05-04","2026-05-10","2026-05-06",87.93,"Delivered"
76,1083,"XPO","Salt Lake City","2026-03-26","2026-03-26","2026-04-03",114.79,"Late"
77,1084,"XPO","Draper","2026-04-02","2026-04-04","2026-04-03",104.06,"Delivered"
78,1085,"XPO","West Valley","2026-05-14","2026-05-11","2026-05-24",87.96,"Late"
79,1086,"DHL","West Valley","2026-02-01","2026-01-30","2026-02-09",104.85,"In Transit"
80,1087,"XPO","Salt Lake City","2026-04-01","2026-03-31","2026-04-07",17.77,"Delivered"
81,1088,"UPS","Draper","2026-04-23","2026-04-21","2026-05-01",114.24,"Delivered"
82,1089,"DHL","Draper","2026-03-26","2026-03-30","2026-04-05",26.73,"Delivered"
83,1090,"USPS","South Jordan","2026-02-19","2026-02-20","2026-02-26",80.27,"Delivered"
84,1092,"FEDEX","Lehi","2026-02-02","2026-02-10","2026-02-03",27.19,"Late"
85,1093,"DHL","South Jordan","2026-02-09","2026-02-13","2026-02-14",84.38,"Delivered"
86,1094,"USPS","Lehi","2026-03-23","2026-03-25","2026-04-01",17.85,"In Transit"
87,1095,"DHL","Salt Lake City","2026-02-18","2026-02-13","2026-02-27",22.49,"Late"
88,1096,"UPS","South Jordan","2026-02-25","2026-03-05","2026-03-03",48.24,"Late"
89,1097,"XPO","Draper","2026-03-21","2026-03-21","2026-03-28",79.0,"Delivered"
90,1098,"DHL","South Jordan","2026-05-05","2026-04-30","2026-05-15",99.31,"Delivered"
91,1099,"FEDEX","South Jordan","2026-04-19","2026-04-19","2026-04-20",58.98,"Late"
92,1100,"ONTRAC","Lehi","2026-03-19","2026-03-22","2026-03-28",20.52,"In Transit"
93,1101,"ONTRAC","South Jordan","2026-02-02","2026-02-06","2026-02-04",33.08,"Late"
94,1102,"DHL","Draper","2026-04-10","2026-04-05","2026-04-20",69.76,"Delivered"
95,1103,"ONTRAC","Salt Lake City","2026-03-25","2026-03-29","2026-03-27",88.38,"Late"
96,1104,"ONTRAC","Draper","2026-04-19","2026-04-18","2026-04-28",5.23,"Late"
97,1105,"DHL","South Jordan","2026-02-04","2026-02-12","2026-02-08",64.07,"Delivered"
98,1106,"USPS","Salt Lake City","2026-01-20","2026-01-18","2026-01-30",24.17,"Late"
99,1107,"DHL","South Jordan","2026-03-15","2026-03-09","2026-03-22",98.1,"Delivered"
100,1108,"DHL","South Jordan","2026-03-04","2026-02-27","2026-03-06",29.12,"In Transit"
101,1109,"ONTRAC","South Jordan","2026-02-27","2026-02-28","2026-02-28",27.47,"In Transit"
102,1110,"XPO","South Jordan","2026-02-02","2026-01-31","2026-02-03",108.05,"Late"
103,1112,"FEDEX","South Jordan","2026-02-08","2026-02-04","2026-02-18",35.97,"Late"
104,1113,"UPS","Lehi","2026-05-04","2026-05-07","2026-05-12",111.4,"In Transit"
105,1114,"DHL","South Jordan","2026-04-06","2026-04-07","2026-04-11",94.44,"Late"
106,1115,"DHL","Salt Lake City","2026-02-25","2026-02-25","2026-03-01",74.34,"Late"
107,1116,"XPO","South Jordan","2026-02-21","2026-02-18","2026-03-02",98.33,"Delivered"
108,1117,"DHL","West Valley","2026-05-13","2026-05-11","2026-05-19",12.82,"Late"
109,1118,"UPS","South Jordan","2026-03-05","2026-03-01","2026-03-08",94.36,"Late"
110,1119,"ONTRAC","West Valley","2026-01-01","2026-01-08","2026-01-08",59.49,"Delivered"
111,1120,"DHL","Draper","2026-02-16","2026-02-19","2026-02-22",46.35,"Late"
112,1121,"FEDEX","West Valley","2026-02-05","2026-02-06","2026-02-08",531.84,"Delivered"
113,1123,"FEDEX","Draper","2026-03-13","2026-03-09","2026-03-20",75.18,"Late"
114,1124,"XPO","Salt Lake City","2026-04-17","2026-04-21","2026-04-21",80.79,"In Transit"
115,1125,"XPO","South Jordan","2026-02-19","2026-02-14","2026-02-21",34.44,"Late"
116,1126,"ONTRAC","South Jordan","2026-03-08","2026-03-06","2026-03-16",77.2,"Late"
117,1129,"ONTRAC","Lehi","2026-03-06","2026-03-08","2026-03-10",63.93,"Late"
118,1130,"UPS","Draper","2026-03-12","2026-03-14","2026-03-13",21.65,"Delivered"
119,1131,"USPS","South Jordan","2026-03-19","2026-03-16","2026-03-28",58.54,"Delivered"
120,1132,"UPS","Draper","2026-02-03","2026-02-05","2026-02-04",104.18,"Delivered"
121,1133,"UPS","Draper","2026-04-02","2026-04-01","2026-04-10",83.86,"In Transit"
122,1134,"UPS","South Jordan","2026-05-10","2026-05-10","2026-05-17",45.55,"Delivered"
123,1135,"ONTRAC","West Valley","2026-03-17","2026-03-23","2026-03-20",56.13,"Delivered"
124,1136,"USPS","West Valley","2026-01-03","2026-01-07","2026-01-11",92.83,"Delivered"
125,1137,"XPO","South Jordan","2026-03-26","2026-03-26","2026-04-03",26.23,"Delivered"
126,1138,"DHL","West Valley","2026-03-13","2026-03-14","2026-03-14",45.87,"Delivered"
127,1139,"ONTRAC","Draper","2026-03-10","2026-03-17","2026-03-14",65.67,"Late"
128,1140,"FEDEX","Draper","2026-02-19","2026-02-20","2026-02-26",99.83,"Delivered"
129,1142,"FEDEX","Salt Lake City","2026-05-13","2026-05-15","2026-05-18",14.66,"Late"
130,1143,"DHL","Salt Lake City","2026-05-04","2026-05-06","2026-05-10",44.36,"In Transit"
131,1144,"DHL","South Jordan","2026-01-07","2026-01-09","2026-01-11",21.77,"Late"
132,1145,"ONTRAC","Draper","2026-05-11","2026-05-15","2026-05-20",26.98,"Late"
133,1146,"XPO","Salt Lake City","2026-03-04","2026-03-08","2026-03-08",83.5,"Delivered"
134,1147,"XPO","Salt Lake City","2026-01-21","2026-01-19","2026-01-31",88.67,"Delivered"
135,1149,"ONTRAC","Lehi","2026-04-07","2026-04-12","2026-04-13",45.22,"Delivered"
136,1150,"XPO","Draper","2026-03-10","2026-03-13","2026-03-16",56.1,"Late"
137,1151,"DHL","South Jordan","2026-02-22","2026-02-25","2026-02-25",88.34,"Late"
138,1152,"DHL","West Valley","2026-04-24","2026-05-01","2026-05-02",19.55,"In Transit"
139,1153,"ONTRAC","South Jordan","2026-04-12","2026-04-12","2026-04-15",111.54,"Late"
140,1154,"FEDEX","South Jordan","2026-05-05","2026-04-30","2026-05-13",57.0,"Delivered"
141,1155,"XPO","South Jordan","2026-04-18","2026-04-12","2026-04-27",108.83,"Delivered"
142,1156,"XPO","Draper","2026-05-15","2026-05-11","2026-05-20",41.59,"Delivered"
143,1157,"DHL","Lehi","2026-01-25","2026-01-31","2026-01-26",52.67,"In Transit"
144,1158,"FEDEX","Lehi","2026-02-06","2026-02-05","2026-02-14",13.21,"Late"
145,1159,"UPS","Salt Lake City","2026-03-04","2026-03-01","2026-03-14",38.62,"Delivered"
146,1160,"UPS","Lehi","2026-02-15","2026-02-20","2026-02-24",11.53,"Late"
147,1161,"FEDEX","South Jordan","2026-04-19","2026-04-22","2026-04-29",119.42,"Late"
148,1162,"XPO","Draper","2026-05-16","2026-05-13","2026-05-23",9.28,"Delivered"
149,1163,"ONTRAC","Salt Lake City","2026-02-20","2026-02-23","2026-02-26",43.6,"In Transit"
150,1165,"UPS","South Jordan","2026-01-08","2026-01-12","2026-01-14",86.34,"In Transit"
151,1166,"ONTRAC","Draper","2026-04-13","2026-04-10","2026-04-19",20.62,"In Transit"
152,1167,"XPO","Lehi","2026-01-14","2026-01-15","2026-01-15",15.96,"Delivered"
153,1168,"UPS","Draper","2026-03-24","2026-03-23","2026-03-25",115.16,"Late"
154,1169,"DHL","South Jordan","2026-04-06","2026-04-07","2026-04-07",16.29,"In Transit"
155,1170,"USPS","West Valley","2026-05-01","2026-04-28","2026-05-05",20.67,"Delivered"
156,1171,"USPS","Salt Lake City","2026-02-23","2026-02-18","2026-03-02",98.84,"Late"
157,1172,"XPO","Salt Lake City","2026-05-04","2026-05-05","2026-05-10",67.17,"Late"
158,1173,"ONTRAC","South Jordan","2026-05-06","2026-05-12","2026-05-09",56.55,"In Transit"
159,1174,"USPS","Salt Lake City","2026-02-21","2026-03-01","2026-03-02",99.21,"In Transit"
160,1175,"DHL","South Jordan","2026-04-22","2026-04-23","2026-04-24",79.21,"In Transit"
161,1176,"ONTRAC","South Jordan","2026-01-21","2026-01-24","2026-01-31",60.06,"Delivered"
162,1177,"ONTRAC","West Valley","2026-02-13","2026-02-08","2026-02-21",56.67,"Delivered"
163,1179,"USPS","Salt Lake City","2026-01-17","2026-01-18","2026-01-20",75.43,"Delivered"
164,1180,"USPS","Salt Lake City","2026-02-23","2026-02-19","2026-02-26",28.46,"Late"
165,1181,"XPO","Lehi","2026-01-30","2026-02-05","2026-02-05",114.92,"Late"
166,1183,"UPS","Draper","2026-04-05","2026-04-07","2026-04-15",97.17,"Late"
167,1184,"UPS","Draper","2026-03-23","2026-03-20","2026-04-02",49.55,"Late"
168,1185,"XPO","Salt Lake City","2026-04-21","2026-04-27","2026-04-26",573.74,"Delivered"
169,1186,"XPO","Salt Lake City","2026-04-17","2026-04-14","2026-04-23",83.09,"Late"
170,1187,"FEDEX","Salt Lake City","2026-04-04","2026-03-31","2026-04-12",89.3,"Late"
171,1188,"UPS","Salt Lake City","2026-03-12","2026-03-09","2026-03-15",89.96,"In Transit"
172,1189,"UPS","Salt Lake City","2026-05-09","2026-05-08","2026-05-17",74.9,"Delivered"
173,1190,"FEDEX","Salt Lake City","2026-05-12","2026-05-10","2026-05-22",67.32,"Late"
174,1192,"XPO","Lehi","2026-01-10","2026-01-12","2026-01-18",84.31,"Late"
175,1193,"FEDEX","Salt Lake City","2026-05-05","2026-04-30","2026-05-11",52.58,"Late"
176,1194,"XPO","West Valley","2026-01-31","2026-01-28","2026-02-03",81.74,"Late"
177,1195,"DHL","Draper","2026-02-25","2026-02-25","2026-03-03",30.42,"Delivered"
178,1196,"FEDEX","West Valley","2026-03-01","2026-03-01","2026-03-03",102.79,"In Transit"
179,1197,"USPS","South Jordan","2026-03-16","2026-03-24","2026-03-23",89.4,"Late"
180,1198,"XPO","Salt Lake City","2026-03-05","2026-02-28","2026-03-12",65.61,"Delivered"
181,1199,"FEDEX","South Jordan","2026-05-09","2026-05-14","2026-05-11",5.85,"Late"
182,1200,"USPS","Salt Lake City","2026-01-15","2026-01-11","2026-01-16",63.71,"Delivered"
183,1202,"UPS","Salt Lake City","2026-02-26","2026-02-26","2026-03-03",62.41,"Late"
184,1203,"UPS","Salt Lake City","2026-04-08","2026-04-06","2026-04-10",25.85,"Delivered"
185,1205,"UPS","Draper","2026-02-04","2026-02-07","2026-02-08",60.17,"Late"
186,1206,"FEDEX","Salt Lake City","2026-03-18","2026-03-20","2026-03-21",55.14,"Late"
187,1207,"ONTRAC","West Valley","2026-04-03","2026-04-02","2026-04-04",116.54,"Late"
188,1209,"DHL","West Valley","2026-04-22","2026-04-20","2026-04-24",117.2,"Late"
189,1210,"USPS","South Jordan","2026-05-16","2026-05-14","2026-05-26",73.36,"Late"
190,1211,"FEDEX","Draper","2026-04-01","2026-03-30","2026-04-10",57.61,"In Transit"
191,1213,"USPS","Salt Lake City","2026-01-10","2026-01-08","2026-01-18",117.01,"Late"
192,1214,"FEDEX","West Valley","2026-02-18","2026-02-14","2026-02-21",92.7,"Late"
193,1215,"ONTRAC","Salt Lake City","2026-03-20","2026-03-25","2026-03-24",100.46,"Delivered"
194,1216,"FEDEX","Lehi","2026-04-29","2026-05-03","2026-05-09",64.68,"Delivered"
195,1217,"ONTRAC","Salt Lake City","2026-02-05","2026-02-02","2026-02-09",16.51,"Delivered"
196,1219,"XPO","South Jordan","2026-04-07","2026-04-02","2026-04-09",111.21,"Late"
197,1220,"USPS","Lehi","2026-02-17","2026-02-22","2026-02-19",64.29,"Late"
198,1221,"DHL","Draper","2026-01-20","2026-01-16","2026-01-24",68.25,"Delivered"
199,1222,"UPS","Draper","2026-05-02","2026-05-05","2026-05-09",50.47,"Delivered"
200,1223,"FEDEX","Salt Lake City","2026-04-04","2026-04-06","2026-04-09",60.76,"Delivered"
201,1224,"XPO","South Jordan","2026-01-15","2026-01-18","2026-01-25",76.29,"Delivered"
202,1226,"UPS","Salt Lake City","2026-03-27","2026-03-26","2026-04-02",92.91,"Late"
203,1227,"FEDEX","Lehi","2026-01-16","2026-01-17","2026-01-22",10.55,"Late"
204,1228,"USPS","Salt Lake City","2026-01-21","2026-01-27","2026-01-28",69.89,"Delivered"
205,1231,"DHL","Salt Lake City","2026-03-22","2026-03-26","2026-03-31",97.84,"Late"
206,1233,"UPS","Draper","2026-03-21","2026-03-20","2026-03-30",118.99,"In Transit"
207,1234,"FEDEX","Draper","2026-03-15","2026-03-18","2026-03-17",50.04,"Delivered"
208,1235,"ONTRAC","Salt Lake City","2026-05-10","2026-05-12","2026-05-15",54.98,"Delivered"
209,1236,"ONTRAC","Draper","2026-04-15","2026-04-13","2026-04-21",108.77,"Delivered"
210,1237,"DHL","Salt Lake City","2026-04-16","2026-04-17","2026-04-23",111.47,"In Transit"
211,1238,"USPS","South Jordan","2026-03-15","2026-03-15","2026-03-18",102.25,"Delivered"
212,1240,"DHL","South Jordan","2026-05-07","2026-05-01","2026-05-08",87.36,"Delivered"
213,1241,"FEDEX","West Valley","2026-02-26","2026-03-03","2026-03-03",31.32,"Late"
214,1242,"ONTRAC","Salt Lake City","2026-04-27","2026-05-02","2026-05-01",58.63,"Delivered"
215,1243,"FEDEX","South Jordan","2026-03-13","2026-03-11","2026-03-16",34.21,"Late"
216,1244,"XPO","South Jordan","2026-04-02","2026-04-06","2026-04-05",8.16,"Delivered"
217,1245,"UPS","Draper","2026-02-07","2026-02-06","2026-02-17",28.64,"Delivered"
218,1246,"USPS","Draper","2026-01-25","2026-01-24","2026-02-04",111.78,"Delivered"
219,1247,"FEDEX","South Jordan","2026-01-28","2026-01-27","2026-02-04",14.74,"Delivered"
220,1248,"USPS","Draper","2026-01-09","2026-01-12","2026-01-19",53.08,"Delivered"
221,1249,"UPS","Salt Lake City","2026-04-29","2026-04-24","2026-05-03",64.68,"Delivered"
222,1250,"FEDEX","South Jordan","2026-02-04","2026-01-30","2026-02-06",89.9,"Delivered"
223,1251,"DHL","South Jordan","2026-01-21","2026-01-27","2026-01-23",5.54,"Late"
224,1253,"DHL","South Jordan","2026-04-21","2026-04-24","2026-04-24",108.68,"Delivered"
225,1254,"DHL","South Jordan","2026-01-14","2026-01-12","2026-01-23",119.89,"Late"
226,1255,"XPO","West Valley","2026-05-14","2026-05-10","2026-05-22",17.57,"Delivered"
227,1256,"FEDEX","Draper","2026-04-27","2026-04-27","2026-05-03",96.33,"Late"
228,1257,"XPO","Draper","2026-01-30","2026-01-25","2026-01-31",45.62,"In Transit"
229,1258,"ONTRAC","Salt Lake City","2026-05-09","2026-05-15","2026-05-19",94.73,"Late"
230,1259,"FEDEX","South Jordan","2026-01-28","2026-02-03","2026-02-03",42.81,"Delivered"
231,1260,"ONTRAC","West Valley","2026-01-07","2026-01-07","2026-01-14",108.18,"Delivered"
232,1261,"XPO","Draper","2026-04-29","2026-04-26","2026-05-06",92.07,"Late"
233,1262,"DHL","West Valley","2026-01-24","2026-01-18","2026-02-02",76.43,"Delivered"
234,1263,"XPO","South Jordan","2026-02-27","2026-02-26","2026-03-04",32.0,"Late"
235,1264,"ONTRAC","Draper","2026-02-02","2026-02-02","2026-02-07",81.36,"Delivered"
236,1265,"ONTRAC","South Jordan","2026-03-06","2026-03-10","2026-03-10",55.76,"Late"
237,1267,"USPS","Lehi","2026-04-12","2026-04-08","2026-04-14",47.09,"Delivered"
238,1268,"XPO","South Jordan","2026-01-14","2026-01-15","2026-01-24",19.41,"Delivered"
239,1269,"XPO","Lehi","2026-04-29","2026-05-01","2026-04-30",115.14,"Delivered"
240,1270,"ONTRAC","South Jordan","2026-02-11","2026-02-16","2026-02-15",32.45,"Delivered"
241,1271,"USPS","Draper","2026-03-25","2026-03-28","2026-04-01",82.72,"Delivered"
242,1273,"ONTRAC","South Jordan","2026-03-11","2026-03-14","2026-03-20",118.3,"Late"
243,1274,"DHL","Salt Lake City","2026-04-25","2026-04-29","2026-05-04",69.32,"In Transit"
244,1275,"UPS","Draper","2026-03-12","2026-03-20","2026-03-15",562.09,"Delivered"
245,1276,"ONTRAC","West Valley","2026-05-15","2026-05-08","2026-05-21",116.76,"Delivered"
246,1277,"FEDEX","Salt Lake City","2026-02-14","2026-02-19","2026-02-22",108.92,"In Transit"
247,1278,"XPO","Salt Lake City","2026-04-21","2026-04-18","2026-04-29",4.23,"Late"
248,1279,"FEDEX","Draper","2026-04-23","2026-04-28","2026-04-30",115.1,"Late"
249,1280,"DHL","Draper","2026-03-29","2026-03-28","2026-04-04",101.5,"Late"
250,1281,"UPS","Draper","2026-01-13","2026-01-16","2026-01-20",40.34,"Delivered"
251,1282,"UPS","Salt Lake City","2026-04-30","2026-04-30","2026-05-06",72.19,"Late"
252,1283,"FEDEX","Draper","2026-02-26","2026-02-26","2026-03-04",40.1,"Delivered"
253,1284,"USPS","Lehi","2026-03-27","2026-03-27","2026-04-02",102.83,"Delivered"
254,1285,"USPS","South Jordan","2026-03-28","2026-03-31","2026-04-07",28.72,"In Transit"
255,1286,"USPS","Salt Lake City","2026-04-14","2026-04-17","2026-04-22",26.55,"Delivered"
256,1287,"UPS","West Valley","2026-02-20","2026-02-22","2026-02-23",47.96,"In Transit"
257,1288,"UPS","Draper","2026-03-24","2026-03-26","2026-03-31",117.33,"Late"
258,1289,"ONTRAC","Salt Lake City","2026-03-19","2026-03-24","2026-03-21",95.02,"In Transit"
259,1290,"FEDEX","Lehi","2026-05-13","2026-05-14","2026-05-17",56.44,"Delivered"
260,1291,"DHL","West Valley","2026-04-12","2026-04-12","2026-04-20",54.17,"Late"
261,1292,"USPS","Draper","2026-04-08","2026-04-10","2026-04-10",45.79,"Late"
262,1294,"ONTRAC","Salt Lake City","2026-02-10","2026-02-13","2026-02-17",28.31,"Late"
263,1295,"USPS","West Valley","2026-02-10","2026-02-12","2026-02-17",92.49,"Late"
264,1296,"USPS","Salt Lake City","2026-01-12","2026-01-08","2026-01-18",70.06,"In Transit"
265,1297,"UPS","South Jordan","2026-02-01","2026-01-31","2026-02-05",31.03,"Delivered"
266,1298,"USPS","Draper","2026-04-08","2026-04-10","2026-04-16",22.42,"Late"
267,1300,"XPO","Draper","2026-01-14","2026-01-18","2026-01-23",37.86,"Delivered"
268,1301,"XPO","South Jordan","2026-04-19","2026-04-19","2026-04-28",9.18,"Delivered"
269,1302,"ONTRAC","South Jordan","2026-03-30","2026-03-31","2026-04-09",15.66,"In Transit"
270,1303,"FEDEX","Draper","2026-01-26","2026-01-22","2026-02-05",4.54,"Late"
271,1304,"FEDEX","Draper","2026-03-11","2026-03-06","2026-03-20",49.83,"Delivered"
272,1306,"ONTRAC","South Jordan","2026-02-05","2026-02-01","2026-02-07",42.87,"Delivered"
273,1307,"UPS","Draper","2026-05-14","2026-05-14","2026-05-21",91.84,"Late"
274,1309,"FEDEX","Draper","2026-02-22","2026-02-25","2026-02-23",77.59,"Delivered"
275,1310,"DHL","Draper","2026-02-19","2026-02-17","2026-03-01",32.88,"Late"
276,1311,"ONTRAC","South Jordan","2026-05-07","2026-05-09","2026-05-15",39.48,"Delivered"
277,1312,"UPS","South Jordan","2026-03-31","2026-04-01","2026-04-08",39.71,"Delivered"
278,1313,"FEDEX","South Jordan","2026-01-31","2026-02-08","2026-02-07",111.48,"Delivered"
279,1314,"FEDEX","Salt Lake City","2026-04-06","2026-04-06","2026-04-16",71.09,"Delivered"
280,1315,"DHL","Salt Lake City","2026-01-26","2026-01-31","2026-02-02",392.62,"Delivered"
281,1316,"UPS","Draper","2026-01-20","2026-01-22","2026-01-27",55.12,"Delivered"
282,1317,"UPS","South Jordan","2026-03-26","2026-03-23","2026-03-27",15.23,"Late"
283,1318,"XPO","Draper","2026-03-11","2026-03-12","2026-03-21",18.26,"Late"
284,1319,"FEDEX","Draper","2026-05-05","2026-05-03","2026-05-07",89.18,"Late"
285,1320,"XPO","Salt Lake City","2026-05-10","2026-05-15","2026-05-19",31.94,"Delivered"
286,1321,"XPO","South Jordan","2026-05-01","2026-04-26","2026-05-08",109.58,"Late"
287,1322,"USPS","South Jordan","2026-04-30","2026-04-25","2026-05-02",70.45,"Late"
288,1328,"XPO","Salt Lake City","2026-02-22","2026-02-20","2026-03-01",94.0,"Delivered"
289,1330,"UPS","South Jordan","2026-02-11","2026-02-04","2026-02-14",103.99,"Late"
290,1331,"FEDEX","Lehi","2026-02-08","2026-02-04","2026-02-15",117.34,"Delivered"
291,1332,"FEDEX","Draper","2026-03-19","2026-03-19","2026-03-23",20.43,"Late"
292,1333,"FEDEX","Salt Lake City","2026-02-28","2026-03-04","2026-03-07",113.06,"Late"
293,1334,"DHL","Salt Lake City","2026-02-19","2026-02-23","2026-02-21",65.65,"Late"
294,1335,"ONTRAC","Lehi","2026-01-26","2026-01-29","2026-02-03",15.08,"Late"
295,1336,"UPS","West Valley","2026-03-20","2026-03-14","2026-03-23",47.94,"In Transit"
296,1337,"DHL","Salt Lake City","2026-04-19","2026-04-24","2026-04-20",13.81,"Delivered"
297,1338,"DHL","Draper","2026-05-12","2026-05-17","2026-05-18",114.49,"Late"
298,1340,"USPS","Draper","2026-04-19","2026-04-16","2026-04-25",38.61,"Delivered"
299,1341,"DHL","Draper","2026-04-08","2026-04-05","2026-04-10",118.77,"In Transit"
300,1342,"XPO","Draper","2026-04-10","2026-04-05","2026-04-12",52.85,"Late"
301,1343,"FEDEX","Draper","2026-04-16","2026-04-18","2026-04-18",92.26,"In Transit"
302,1344,"FEDEX","Draper","2026-03-15","2026-03-15","2026-03-18",50.55,"Delivered"
303,1345,"XPO","Salt Lake City","2026-01-07","2026-01-09","2026-01-14",59.59,"Late"
304,1347,"XPO","Salt Lake City","2026-03-08","2026-03-12","2026-03-15",14.12,"Delivered"
305,1348,"ONTRAC","Lehi","2026-02-20","2026-02-24","2026-02-23",9.08,"Late"
306,1349,"UPS","Draper","2026-04-02","2026-04-06","2026-04-05",37.6,"Delivered"
307,1350,"UPS","Draper","2026-05-14","2026-05-12","2026-05-21",74.44,"Late"
308,1351,"FEDEX","Salt Lake City","2026-02-26","2026-03-01","2026-02-27",78.52,"Delivered"
309,1352,"ONTRAC","Salt Lake City","2026-03-31","2026-04-03","2026-04-01",66.34,"Delivered"
310,1353,"FEDEX","South Jordan","2026-03-12","2026-03-11","2026-03-15",108.65,"In Transit"
311,1354,"UPS","Draper","2026-02-20","2026-02-18","2026-02-28",109.46,"Delivered"
312,1355,"UPS","West Valley","2026-01-29","2026-01-29","2026-02-08",5.57,"Delivered"
313,1356,"FEDEX","West Valley","2026-02-22","2026-02-23","2026-02-26",6.78,"Late"
314,1357,"USPS","Salt Lake City","2026-02-27","2026-03-03","2026-03-05",12.85,"Delivered"
315,1358,"XPO","South Jordan","2026-02-07","2026-02-11","2026-02-10",41.15,"Delivered"
316,1359,"FEDEX","South Jordan","2026-02-06","2026-02-05","2026-02-12",20.03,"Delivered"
317,1360,"FEDEX","Salt Lake City","2026-05-12","2026-05-10","2026-05-16",607.11,"Delivered"
318,1362,"DHL","Salt Lake City","2026-02-17","2026-02-17","2026-02-22",58.54,"Late"
319,1363,"ONTRAC","Lehi","2026-02-07","2026-02-03","2026-02-16",86.52,"In Transit"
320,1364,"USPS","West Valley","2026-04-28","2026-04-24","2026-05-02",35.31,"Delivered"
321,1365,"ONTRAC","Salt Lake City","2026-03-05","2026-03-10","2026-03-06",31.88,"Late"
322,1366,"USPS","Draper","2026-05-09","2026-05-10","2026-05-13",40.48,"Delivered"
323,1367,"DHL","Salt Lake City","2026-04-01","2026-04-01","2026-04-02",37.65,"Delivered"
324,1368,"ONTRAC","Salt Lake City","2026-02-28","2026-03-08","2026-03-07",31.74,"In Transit"
325,1369,"DHL","Lehi","2026-05-08","2026-05-10","2026-05-11",86.44,"Delivered"
326,1370,"USPS","Salt Lake City","2026-02-11","2026-02-09","2026-02-20",102.0,"Delivered"
327,1371,"UPS","Draper","2026-05-11","2026-05-12","2026-05-16",47.6,"Delivered"
328,1372,"DHL","Draper","2026-04-29","2026-05-03","2026-05-07",8.44,"In Transit"
329,1373,"XPO","Lehi","2026-03-23","2026-03-27","2026-03-31",105.07,"In Transit"
330,1374,"ONTRAC","Draper","2026-01-13","2026-01-20","2026-01-23",27.03,"Late"
331,1375,"FEDEX","South Jordan","2026-04-01","2026-03-28","2026-04-11",15.3,"Late"
332,1376,"ONTRAC","West Valley","2026-02-17","2026-02-17","2026-02-23",44.86,"Delivered"
333,1377,"DHL","Salt Lake City","2026-02-15","2026-02-17","2026-02-17",79.36,"Delivered"
334,1378,"UPS","West Valley","2026-02-02","2026-01-31","2026-02-04",26.68,"Delivered"
335,1379,"ONTRAC","South Jordan","2026-04-23","2026-04-23","2026-05-03",40.83,"In Transit"
336,1380,"UPS","Salt Lake City","2026-04-20","2026-04-15","2026-04-29",22.45,"Delivered"
337,1381,"FEDEX","South Jordan","2026-04-23","2026-04-25","2026-04-27",38.44,"Late"
338,1382,"USPS","Draper","2026-01-17","2026-01-18","2026-01-20",14.76,"Delivered"
339,1383,"UPS","Draper","2026-01-31","2026-01-30","2026-02-08",97.79,"Late"
340,1384,"UPS","West Valley","2026-01-11","2026-01-11","2026-01-14",35.04,"Late"
341,1385,"USPS","Salt Lake City","2026-03-22","2026-03-22","2026-03-29",73.17,"Late"
342,1386,"UPS","Draper","2026-04-10","2026-04-13","2026-04-17",95.74,"Late"
343,1387,"DHL","Lehi","2026-04-12","2026-04-12","2026-04-18",108.25,"Late"
344,1388,"ONTRAC","South Jordan","2026-03-01","2026-02-26","2026-03-03",56.52,"In Transit"
345,1389,"DHL","Lehi","2026-01-13","2026-01-12","2026-01-14",558.44,"Late"
346,1390,"XPO","West Valley","2026-03-27","2026-03-30","2026-04-03",30.26,"Late"
347,1391,"XPO","Draper","2026-01-05","2026-01-06","2026-01-15",95.83,"In Transit"
348,1392,"USPS","Salt Lake City","2026-05-01","2026-05-02","2026-05-09",30.2,"Late"
349,1393,"ONTRAC","West Valley","2026-03-09","2026-03-07","2026-03-17",16.13,"Late"
350,1394,"UPS","Lehi","2026-05-03","2026-05-03","2026-05-12",27.55,"Delivered"
351,1395,"XPO","South Jordan","2026-02-14","2026-02-14","2026-02-22",25.7,"Late"
352,1396,"USPS","South Jordan","2026-03-14","2026-03-12","2026-03-19",25.98,"Late"
353,1397,"DHL","Salt Lake City","2026-04-24","2026-04-24","2026-05-04",85.14,"In Transit"
354,1398,"FEDEX","Draper","2026-03-13","2026-03-17","2026-03-17",23.75,"Late"
355,1399,"FEDEX","Draper","2026-05-05","2026-05-04","2026-05-10",100.9,"Delivered"
356,1400,"ONTRAC","South Jordan","2026-01-31","2026-01-29","2026-02-03",45.43,"Late"
357,1401,"USPS","Lehi","2026-03-02","2026-02-24","2026-03-09",96.26,"Delivered"
358,1402,"USPS","Draper","2026-01-08","2026-01-07","2026-01-09",9.79,"Delivered"
359,1403,"FEDEX","Lehi","2026-03-19","2026-03-16","2026-03-25",97.31,"In Transit"
360,1404,"DHL","South Jordan","2026-04-24","2026-04-24","2026-04-30",58.33,"Delivered"
361,1405,"UPS","South Jordan","2026-01-09","2026-01-14","2026-01-18",108.39,"In Transit"
362,1406,"UPS","South Jordan","2026-04-15","2026-04-17","2026-04-18",38.9,"Late"
363,1407,"FEDEX","Draper","2026-02-26","2026-02-23","2026-02-28",38.79,"Late"
364,1408,"ONTRAC","Draper","2026-03-09","2026-03-15","2026-03-13",23.81,"Delivered"
365,1410,"USPS","Salt Lake City","2026-01-27","2026-02-01","2026-01-30",58.28,"In Transit"
366,1411,"XPO","Draper","2026-04-07","2026-04-04","2026-04-15",47.68,"Late"
367,1412,"USPS","Draper","2026-05-12","2026-05-12","2026-05-14",61.93,"In Transit"
368,1413,"FEDEX","Draper","2026-01-29","2026-01-31","2026-02-06",54.75,"Delivered"
369,1414,"FEDEX","South Jordan","2026-02-23","2026-02-24","2026-03-05",67.4,"In Transit"
370,1415,"USPS","Lehi","2026-02-25","2026-02-25","2026-03-07",66.7,"Delivered"
371,1416,"ONTRAC","South Jordan","2026-04-07","2026-04-08","2026-04-08",67.33,"Late"
372,1417,"UPS","South Jordan","2026-01-12","2026-01-10","2026-01-19",73.39,"In Transit"
373,1418,"FEDEX","South Jordan","2026-03-17","2026-03-15","2026-03-21",6.49,"Delivered"
374,1419,"FEDEX","Salt Lake City","2026-05-08","2026-05-07","2026-05-14",54.64,"Late"
375,1420,"USPS","Draper","2026-01-02","2026-01-06","2026-01-10",24.95,"Late"
376,1421,"DHL","Lehi","2026-02-09","2026-02-10","2026-02-15",108.13,"Late"
377,1422,"DHL","South Jordan","2026-03-16","2026-03-20","2026-03-19",8.16,"Delivered"
378,1423,"DHL","Salt Lake City","2026-01-12","2026-01-08","2026-01-16",27.86,"Late"
379,1424,"ONTRAC","Lehi","2026-01-16","2026-01-14","2026-01-23",70.42,"In Transit"
380,1425,"USPS","Lehi","2026-04-12","2026-04-14","2026-04-19",8.48,"Late"
381,1426,"FEDEX","Lehi","2026-01-07","2026-01-10","2026-01-16",40.43,"Late"
382,1427,"USPS","Lehi","2026-03-15","2026-03-15","2026-03-19",11.05,"Delivered"
383,1428,"USPS","Draper","2026-04-09","2026-04-05","2026-04-16",12.28,"Delivered"
384,1429,"UPS","Salt Lake City","2026-04-02","2026-03-27","2026-04-05",48.21,"In Transit"
385,1430,"DHL","West Valley","2026-05-09","2026-05-16","2026-05-13",55.62,"Delivered"
386,1431,"FEDEX","South Jordan","2026-04-05","2026-04-05","2026-04-07",13.45,"In Transit"
387,1432,"FEDEX","Salt Lake City","2026-02-16","2026-02-19","2026-02-17",100.73,"In Transit"
388,1433,"ONTRAC","Salt Lake City","2026-04-13","2026-04-15","2026-04-16",89.08,"In Transit"
389,1434,"USPS","Salt Lake City","2026-01-04","2026-01-07","2026-01-13",36.28,"Late"
390,1435,"ONTRAC","Draper","2026-03-21","2026-03-20","2026-03-24",7.17,"Delivered"
391,1436,"XPO","Draper","2026-05-07","2026-05-10","2026-05-09",116.34,"Delivered"
392,1437,"XPO","Draper","2026-03-27","2026-03-28","2026-04-06",47.64,"Late"
393,1438,"USPS","Draper","2026-05-10","2026-05-05","2026-05-18",65.53,"Late"
394,1439,"DHL","Draper","2026-05-06","2026-05-10","2026-05-12",80.63,"Delivered"
395,1440,"DHL","South Jordan","2026-05-09","2026-05-13","2026-05-15",51.7,"Late"
396,1442,"USPS","Draper","2026-03-30","2026-04-01","2026-04-01",79.97,"In Transit"
397,1443,"UPS","Draper","2026-04-19","2026-04-17","2026-04-27",8.91,"In Transit"
398,1445,"DHL","South Jordan","2026-04-25","2026-04-23","2026-05-04",62.76,"Late"
399,1446,"UPS","Salt Lake City","2026-02-05","2026-01-30","2026-02-10",42.56,"Late"
400,1447,"UPS","West Valley","2026-02-16","2026-02-18","2026-02-21",89.9,"Late"
401,1448,"UPS","South Jordan","2026-04-22","2026-04-21","2026-04-24",110.86,"In Transit"
402,1449,"DHL","Draper","2026-01-03","2026-01-09","2026-01-11",23.8,"Late"
403,1450,"FEDEX","Draper","2026-04-25","2026-04-22","2026-05-05",107.19,"Late"
