po_id,supplier_id,product_id,warehouse,po_date,expected_date,received_date,ordered_qty,received_qty,unit_cost,po_status,lead_time_days
5001,7,134,West Valley,2026-01-23,2026-02-22,2026-02-25,503,456,19.75,Closed,33.0
5002,3,43,Salt Lake City,2026-04-15,2026-05-22,2026-05-30,203,203,80.49,Partial,45.0
5003,2,49,South Jordan,2026-01-22,2026-02-04,2026-02-09,116,78,44.96,Closed,18.0
5004,7,18,Draper,2026-03-01,2026-04-12,2026-04-18,663,646,27.17,Partial,48.0
5005,5,110,Unknown,2026-04-30,2026-05-26,2026-06-14,432,398,176.97,Closed,45.0
5006,5,20,Salt Lake City,2026-01-10,2026-01-23,2026-01-26,202,194,118.73,Open,16.0
5007,2,99,South Jordan,2026-02-24,2026-04-08,2026-04-21,639,626,30.43,Closed,56.0
5008,3,1,Draper,2026-01-30,2026-02-19,2026-03-11,649,619,122.45,Open,40.0
5009,7,83,South Jordan,2025-12-21,2025-12-31,2026-01-20,470,450,150.61,Partial,30.0
5010,8,129,South Jordan,2026-01-01,2026-01-23,2026-01-30,812,790,55.65,Partial,29.0
5011,7,134,Draper,2026-02-21,2026-04-02,2026-04-16,882,842,17.85,Partial,54.0
5012,2,37,Salt Lake City,2026-03-23,2026-05-04,2026-05-21,827,792,139.11,Closed,59.0
5013,7,90,South Jordan,2026-01-16,2026-01-24,2026-02-02,809,796,6.74,Open,17.0
5015,1,2,Salt Lake City,2026-05-01,2026-05-27,2026-06-02,957,919,19.23,Partial,32.0
5016,2,9,Salt Lake City,2026-02-10,2026-03-19,2026-04-05,741,705,114.83,Open,54.0
5017,6,121,Unknown,2026-03-28,2026-05-05,2026-05-23,915,909,60.73,Open,56.0
5018,6,95,Salt Lake City,2025-12-09,2025-12-25,2025-12-25,911,885,84.92,Open,16.0
5019,3,15,Draper,2026-03-25,2026-04-04,2026-04-16,304,263,198.71,Open,22.0
5020,6,5,West Valley,2026-02-25,2026-03-24,2026-03-24,947,914,80.32,Open,27.0
5021,1,104,Lehi,2026-03-18,2026-03-28,2026-04-16,533,528,15.52,Closed,29.0
5022,6,114,Salt Lake City,2025-12-13,2026-01-06,2026-01-23,537,518,181.87,Partial,41.0
5023,4,144,South Jordan,2026-03-01,2026-03-15,2026-03-28,876,871,11.34,Open,27.0
5024,6,24,Draper,2026-01-17,2026-01-29,2026-02-11,661,611,76.32,Open,25.0
5025,7,56,Draper,2026-03-07,2026-04-12,2026-04-30,985,938,127.81,Closed,54.0
5026,1,80,West Valley,2025-12-15,2026-01-15,2026-01-15,305,279,82.93,Closed,31.0
5027,2,49,Lehi,2026-02-09,2026-02-28,2026-03-04,285,280,58.04,Closed,23.0
5028,4,91,Draper,2026-04-29,2026-05-29,2026-06-13,555,553,139.88,Open,45.0
5029,2,99,Lehi,2026-01-10,2026-02-20,2026-03-09,464,451,31.31,Partial,58.0
5030,8,129,South Jordan,2026-04-22,2026-05-16,2026-06-04,235,219,52.83,Open,43.0
5031,1,30,South Jordan,2026-04-13,2026-05-01,2026-05-10,620,578,42.63,Open,27.0
5032,2,9,West Valley,2026-02-22,2026-03-07,2026-03-02,182,161,122.96,Open,8.0
5033,2,48,South Jordan,2026-03-03,2026-03-29,2026-04-10,210,171,98.05,Closed,38.0
5034,3,148,West Valley,2026-03-23,2026-04-24,2026-04-26,278,248,115.61,Closed,34.0
5035,6,77,Lehi,2025-12-12,2026-01-02,2026-01-13,130,94,96.95,Closed,32.0
5036,4,8,Unknown,2026-01-12,2026-02-20,2026-02-24,927,915,174.14,Open,43.0
5037,4,36,Draper,2026-01-04,2026-02-01,2026-01-28,112,90,76.76,Closed,24.0
5038,4,102,Lehi,2026-01-13,2026-02-18,2026-02-17,225,206,204.25,Open,35.0
5039,2,48,Unknown,2026-01-31,2026-02-20,2026-03-10,270,221,77.67,Partial,38.0
5040,1,2,Draper,2026-04-03,2026-04-20,2026-04-30,583,553,22.73,Closed,27.0
5041,1,119,South Jordan,2026-02-02,2026-02-15,2026-02-20,801,752,33.23,Partial,18.0
5042,7,73,Salt Lake City,2026-03-20,2026-05-04,2026-05-01,375,361,28.52,Open,42.0
5043,4,46,South Jordan,2026-01-31,2026-03-02,2026-03-13,862,858,34.66,Closed,41.0
5044,4,36,South Jordan,2026-04-08,2026-04-27,2026-05-01,465,424,69.93,Closed,23.0
5045,3,109,Lehi,2026-01-09,2026-02-03,2026-02-19,860,834,10.44,Closed,41.0
5046,6,42,Salt Lake City,2026-03-13,2026-04-22,2026-05-01,845,804,93.92,Closed,49.0
5047,1,4,Salt Lake City,2026-01-12,2026-02-08,2026-02-19,413,382,94.02,Closed,38.0
5048,3,109,South Jordan,2025-12-15,2026-01-10,2026-01-28,669,637,8.98,Partial,44.0
5049,2,122,South Jordan,2026-02-25,2026-04-07,,134,0,197.55,Open,
5050,2,99,Unknown,2025-12-22,2026-01-07,2026-01-24,624,585,30.19,Closed,33.0
5051,1,112,West Valley,2025-12-14,2026-01-19,2026-01-17,908,905,123.44,Open,34.0
5052,6,95,Unknown,2026-02-04,2026-03-10,2026-03-14,805,788,84.01,Closed,38.0
5053,3,76,Salt Lake City,2026-03-03,2026-04-05,2026-04-10,324,302,136.09,Open,38.0
5054,8,137,Draper,2026-03-13,2026-04-04,2026-04-16,116,76,33.1,Closed,34.0
5055,7,111,Unknown,2026-02-10,2026-03-11,,725,0,187.47,Open,
5056,3,118,Salt Lake City,2025-12-12,2025-12-23,2025-12-19,170,146,49.01,Open,7.0
5057,1,21,Lehi,2026-02-26,2026-03-24,2026-03-19,208,162,69.33,Open,21.0
5058,7,111,Draper,2025-12-31,2026-01-19,2026-01-23,650,606,180.42,Open,23.0
5059,5,96,Draper,2026-04-27,2026-06-03,2026-06-11,301,284,156.92,Open,45.0
5061,2,34,Draper,2026-02-10,2026-03-06,2026-03-26,670,656,84.76,Open,44.0
5062,5,84,South Jordan,2026-01-27,2026-02-07,2026-02-25,749,712,147.81,Closed,29.0
5063,4,85,West Valley,2026-04-19,2026-05-20,2026-06-01,32,10,137.24,Closed,43.0
5064,1,39,Lehi,2026-03-30,2026-05-07,2026-05-24,194,169,47.47,Open,55.0
5065,8,147,Unknown,2025-12-22,2026-01-29,2026-02-04,105,82,119.85,Partial,44.0
5066,6,75,Draper,2026-02-20,2026-03-27,2026-03-22,179,140,88.25,Partial,30.0
5067,2,145,Lehi,2026-03-22,2026-04-24,,43,0,116.67,Open,
5068,2,126,Salt Lake City,2026-01-31,2026-03-03,,154,0,104.65,Open,
5069,4,102,Draper,2026-01-26,2026-02-15,,604,0,163.94,Closed,
5070,8,141,West Valley,2026-03-16,2026-04-14,2026-04-22,942,893,162.76,Partial,37.0
5071,6,28,South Jordan,2026-02-21,2026-04-01,2026-04-08,250,202,89.31,Closed,46.0
5072,1,74,Salt Lake City,2026-03-27,2026-04-13,,201,0,105.64,Open,
5073,6,86,South Jordan,2026-03-30,2026-04-17,2026-04-15,412,386,140.53,Closed,16.0
5074,2,49,South Jordan,2025-12-09,2025-12-30,2026-01-13,535,534,64.24,Partial,35.0
5075,8,64,Salt Lake City,2026-01-13,2026-02-25,2026-03-13,113,66,54.07,Open,59.0
5076,3,100,Draper,2026-04-22,2026-05-31,2026-05-31,488,477,127.11,Closed,39.0
5077,5,52,South Jordan,2026-02-22,2026-03-09,2026-03-04,231,216,145.85,Open,10.0
5078,6,114,West Valley,2026-02-01,2026-02-19,,532,0,198.53,Closed,
5079,7,63,Unknown,2026-03-30,2026-04-10,2026-04-06,718,688,36.83,Closed,7.0
5080,5,19,Unknown,2026-03-18,2026-04-10,2026-04-22,143,98,81.56,Open,35.0
5081,6,113,Salt Lake City,2026-04-04,2026-04-14,2026-04-21,868,845,89.33,Closed,17.0
5082,5,131,Salt Lake City,2026-03-24,2026-04-27,2026-04-25,169,123,52.71,Closed,32.0
5083,8,94,Lehi,2026-03-17,2026-04-14,2026-04-16,834,828,122.54,Partial,30.0
5084,5,19,South Jordan,2026-03-29,2026-05-06,2026-05-25,286,265,70.85,Closed,57.0
5085,3,67,Lehi,2026-04-26,2026-05-20,2026-06-08,163,162,22.89,Closed,43.0
5086,6,95,Lehi,2026-04-25,2026-05-25,2026-05-29,987,957,81.07,Closed,34.0
5087,3,76,Draper,2026-01-10,2026-01-25,2026-01-29,899,898,123.68,Closed,19.0
5088,8,150,Unknown,2026-02-17,2026-03-05,2026-03-08,392,367,62.05,Closed,19.0
5089,4,44,South Jordan,2026-02-28,2026-03-16,2026-03-27,341,310,18.0,Closed,27.0
5090,1,135,Salt Lake City,2026-04-04,2026-04-22,2026-04-29,34,13,54.55,Closed,25.0
5091,1,80,Salt Lake City,2026-01-23,2026-02-13,2026-02-27,816,775,104.47,Closed,35.0
5092,6,92,Unknown,2026-04-08,2026-05-14,2026-05-29,948,934,69.48,Closed,51.0
5093,8,94,Unknown,2025-12-10,2026-01-11,2026-01-16,539,505,103.02,Open,37.0
5094,1,21,Draper,2025-12-16,2026-01-20,2026-01-22,270,226,53.68,Closed,37.0
5095,1,59,Salt Lake City,2026-03-28,2026-04-15,2026-04-29,292,245,173.81,Closed,32.0
5096,8,17,South Jordan,2026-01-04,2026-02-13,2026-02-14,253,224,41.11,Open,41.0
5097,2,138,South Jordan,2025-12-15,2026-01-11,2026-01-08,221,216,79.62,Closed,24.0
5098,3,51,Salt Lake City,2025-12-27,2026-02-06,2026-02-20,518,481,55.67,Closed,55.0
5099,1,29,Salt Lake City,2026-03-25,2026-04-13,2026-04-28,649,633,55.74,Closed,34.0
5100,4,70,Lehi,2026-04-07,2026-04-25,2026-05-05,546,530,92.49,Open,28.0
5101,8,64,Salt Lake City,2026-02-27,2026-03-23,2026-04-03,336,288,48.34,Closed,35.0
5102,5,125,Draper,2025-12-03,2025-12-30,2026-01-10,501,497,75.03,Closed,38.0
5103,1,78,Draper,2025-12-26,2026-01-30,2026-02-15,571,522,52.24,Open,51.0
5104,7,60,Salt Lake City,2026-01-25,2026-02-20,2026-02-25,804,761,129.28,Partial,31.0
5105,2,54,Draper,2026-04-27,2026-05-13,2026-05-14,804,794,164.82,Open,17.0
5106,4,41,South Jordan,2026-02-23,2026-04-04,,689,0,131.47,Partial,
5107,1,59,Draper,2026-02-07,2026-03-16,,874,0,157.69,Partial,
5108,6,86,South Jordan,2026-03-02,2026-03-29,2026-04-06,596,596,130.83,Closed,35.0
5109,3,15,Salt Lake City,2026-03-16,2026-04-14,2026-04-13,487,442,184.88,Closed,28.0
5110,2,54,South Jordan,2026-02-05,2026-03-02,2026-02-25,349,329,166.86,Open,20.0
5111,4,144,Salt Lake City,2026-01-22,2026-02-11,2026-02-20,896,881,9.64,Closed,29.0
5112,5,84,South Jordan,2026-04-03,2026-05-17,2026-05-13,819,804,150.51,Partial,40.0
5113,6,97,South Jordan,2025-12-17,2025-12-30,2026-01-04,302,284,8.94,Open,18.0
5114,6,121,Draper,2026-01-05,2026-01-16,2026-02-04,770,761,55.61,Open,30.0
5115,6,77,Unknown,2026-04-27,2026-05-16,2026-05-25,271,223,93.4,Partial,28.0
5116,5,143,West Valley,2026-04-16,2026-05-11,2026-05-10,810,787,47.04,Closed,24.0
5117,3,55,Lehi,2026-01-18,2026-02-14,2026-02-23,390,374,12.51,Open,36.0
5118,5,6,Salt Lake City,2026-01-06,2026-01-20,2026-01-28,425,392,25.71,Open,22.0
5119,5,132,West Valley,2026-03-07,2026-03-15,2026-03-11,536,486,18.52,Open,4.0
5120,2,126,Salt Lake City,2026-02-12,2026-03-27,2026-03-24,772,737,91.99,Open,40.0
5121,8,137,Draper,2026-01-11,2026-02-19,2026-02-16,607,559,44.81,Open,36.0
5122,7,111,Salt Lake City,2026-02-10,2026-03-18,2026-04-05,175,164,189.74,Open,54.0
5123,3,87,Salt Lake City,2026-03-28,2026-05-07,2026-05-25,859,834,38.6,Open,58.0
5124,3,76,Lehi,2025-12-03,2026-01-03,2026-01-05,350,336,125.8,Open,33.0
5125,5,84,West Valley,2026-04-17,2026-05-23,2026-05-24,808,763,159.28,Open,37.0
5126,8,40,Salt Lake City,2026-01-19,2026-02-04,2026-02-04,123,74,152.68,Closed,16.0
5127,7,139,Draper,2026-03-01,2026-03-12,2026-03-17,970,958,72.57,Partial,16.0
5128,6,42,Draper,2026-03-20,2026-04-13,2026-04-14,810,782,105.52,Open,25.0
5129,6,97,South Jordan,2025-12-08,2026-01-12,2026-01-30,233,205,8.41,Closed,53.0
5130,3,51,Unknown,2026-01-23,2026-02-23,2026-02-21,115,78,71.03,Open,29.0
5131,8,32,West Valley,2026-01-12,2026-02-01,2026-02-11,778,752,108.51,Closed,30.0
5132,2,54,South Jordan,2025-12-25,2026-02-02,2026-02-05,540,539,146.24,Open,42.0
5133,4,98,Lehi,2026-03-19,2026-04-20,,122,0,135.88,Open,
5134,1,112,South Jordan,2026-02-16,2026-03-09,,106,0,131.03,Closed,
5135,6,5,Draper,2026-02-10,2026-03-09,2026-03-11,201,168,69.43,Closed,29.0
5136,4,36,Lehi,2026-04-01,2026-04-10,2026-04-30,234,211,94.32,Open,29.0
5137,5,107,Draper,2026-01-11,2026-02-13,2026-02-24,175,152,93.15,Open,44.0
5138,6,42,Lehi,2025-12-09,2026-01-16,2026-01-23,660,621,106.28,Partial,45.0
5139,4,8,Draper,2025-12-08,2026-01-05,2026-01-15,55,29,182.98,Open,38.0
5140,7,139,West Valley,2026-03-08,2026-04-22,2026-04-22,181,167,68.57,Open,45.0
5141,8,108,Unknown,2025-12-18,2026-01-01,,495,0,66.9,Closed,
5142,4,35,Unknown,2025-12-02,2025-12-28,2025-12-31,151,128,142.07,Open,29.0
5143,2,25,Unknown,2026-04-03,2026-05-11,2026-05-24,220,212,13.63,Closed,51.0
5144,3,58,Draper,2025-12-23,2026-01-05,2026-01-09,928,914,117.21,Partial,17.0
5145,2,48,Unknown,2026-02-17,2026-03-17,2026-03-26,704,668,92.55,Partial,37.0
5146,2,34,Salt Lake City,2026-02-23,2026-03-29,2026-03-28,613,566,99.27,Closed,33.0
5147,4,13,Draper,2026-01-21,2026-02-08,2026-02-23,54,44,180.58,Closed,33.0
5148,7,83,South Jordan,2025-12-04,2026-01-16,2026-01-22,212,184,162.61,Closed,49.0
5149,5,117,Unknown,2026-02-07,2026-03-20,2026-04-07,306,285,146.59,Partial,59.0
5150,2,48,Salt Lake City,2026-02-05,2026-03-05,2026-03-15,810,768,91.13,Partial,38.0
5151,5,133,Unknown,2026-02-07,2026-02-18,2026-02-26,677,669,107.97,Open,19.0
5152,1,59,West Valley,2026-03-29,2026-04-12,2026-04-29,322,303,146.17,Closed,31.0
5153,1,112,Unknown,2026-04-22,2026-05-04,,536,0,108.95,Closed,
5154,2,37,Draper,2026-01-27,2026-02-04,2026-02-22,382,346,155.22,Open,26.0
5155,1,135,Unknown,2025-12-14,2026-01-24,2026-01-26,730,720,59.98,Partial,43.0
5156,4,41,Draper,2025-12-27,2026-01-13,2026-01-27,251,217,143.46,Open,31.0
5157,3,109,Unknown,2026-01-22,2026-02-15,2026-02-22,323,297,10.08,Closed,31.0
5159,2,54,Draper,2025-12-19,2025-12-29,2025-12-28,167,119,170.35,Closed,9.0
5160,1,101,Salt Lake City,2026-01-11,2026-02-13,2026-02-14,274,260,205.77,Partial,34.0
5161,4,36,Draper,2026-03-14,2026-03-28,2026-04-10,987,959,88.21,Closed,27.0
5162,6,71,South Jordan,2026-02-23,2026-03-02,2026-03-13,338,324,181.26,Closed,18.0
5163,6,77,West Valley,2026-01-02,2026-02-12,2026-02-21,177,160,83.6,Open,50.0
5164,4,98,South Jordan,2026-02-05,2026-02-19,2026-02-27,619,571,125.67,Partial,22.0
5165,3,58,West Valley,2026-04-14,2026-04-27,2026-05-15,637,622,131.95,Closed,31.0
5166,7,111,Lehi,2026-03-19,2026-03-29,2026-04-17,306,290,202.86,Open,29.0
5167,4,85,South Jordan,2026-03-19,2026-04-11,,105,0,118.89,Closed,
5168,8,150,South Jordan,2026-04-07,2026-04-28,2026-05-14,292,257,48.59,Open,37.0
5169,2,145,Salt Lake City,2026-03-08,2026-04-22,2026-05-08,411,374,87.9,Open,61.0
5170,3,148,South Jordan,2025-12-26,2026-01-09,,264,0,100.89,Closed,
5171,2,11,South Jordan,2026-02-28,2026-04-04,2026-04-17,904,864,44.12,Closed,48.0
5172,7,7,Lehi,2026-01-26,2026-03-10,2026-03-25,988,962,97.02,Open,58.0
5173,5,117,Draper,2026-02-04,2026-03-05,2026-03-11,380,363,163.36,Closed,35.0
5174,4,13,Draper,2026-02-23,2026-03-31,2026-04-15,289,276,176.51,Open,51.0
5175,8,141,South Jordan,2026-02-22,2026-03-26,2026-04-14,855,850,137.24,Partial,51.0
5176,4,91,Salt Lake City,2026-04-18,2026-05-09,2026-05-13,123,83,165.11,Closed,25.0
5177,8,81,South Jordan,2026-04-08,2026-04-26,2026-04-27,291,269,51.63,Partial,19.0
5178,6,113,Draper,2026-03-04,2026-03-21,,350,0,64.89,Open,
5179,1,80,Salt Lake City,2026-04-10,2026-05-22,2026-06-03,571,559,84.3,Open,54.0
5180,6,24,Draper,2026-03-15,2026-04-07,2026-04-12,565,541,61.21,Open,28.0
5181,3,76,Draper,2026-04-26,2026-05-08,2026-05-10,473,438,145.47,Closed,14.0
5182,6,71,Draper,2025-12-08,2026-01-15,2026-02-01,244,216,162.18,Closed,55.0
5183,3,38,South Jordan,2025-12-05,2025-12-30,2025-12-25,898,872,182.97,Open,20.0
5184,8,142,South Jordan,2026-04-26,2026-05-15,2026-05-26,614,567,96.67,Partial,30.0
5185,8,94,Salt Lake City,2026-02-07,2026-03-13,2026-03-15,347,303,125.25,Closed,36.0
5186,7,83,Unknown,2026-02-03,2026-03-16,2026-03-14,959,914,171.8,Closed,39.0
5187,2,138,Unknown,2026-02-20,2026-03-05,2026-03-19,253,239,87.01,Closed,27.0
5188,1,69,Salt Lake City,2026-04-28,2026-05-08,2026-05-17,529,519,176.45,Open,19.0
5189,4,144,Draper,2026-03-26,2026-05-07,2026-05-13,508,504,12.03,Partial,48.0
5190,8,17,South Jordan,2026-02-10,2026-03-25,2026-04-12,48,21,49.26,Closed,61.0
5191,4,102,Draper,2026-01-26,2026-03-02,2026-03-19,710,674,164.98,Open,52.0
5192,8,105,Salt Lake City,2026-01-07,2026-02-17,,620,0,22.9,Open,
5193,6,14,South Jordan,2026-03-03,2026-04-16,2026-04-13,648,602,65.83,Closed,41.0
5194,5,50,South Jordan,2026-02-03,2026-03-20,2026-03-20,875,829,30.08,Open,45.0
5195,4,85,South Jordan,2025-12-24,2026-01-06,,607,0,157.14,Closed,
5196,4,98,Draper,2026-04-02,2026-04-17,2026-04-17,118,73,133.49,Closed,15.0
5197,7,65,Salt Lake City,2026-04-08,2026-04-20,2026-04-27,225,204,41.4,Closed,19.0
5198,2,25,Salt Lake City,2026-04-15,2026-05-08,2026-05-22,82,39,18.82,Partial,37.0
5199,2,25,West Valley,2026-01-14,2026-01-21,,561,0,12.95,Closed,
5200,8,79,South Jordan,2025-12-09,2026-01-21,2026-01-18,998,987,102.9,Open,40.0
5201,7,56,Draper,2026-02-28,2026-03-13,2026-03-12,634,606,134.68,Closed,12.0
5202,4,130,Salt Lake City,2026-01-09,2026-02-13,2026-02-09,977,958,152.16,Partial,31.0
5203,6,28,Draper,2026-03-01,2026-03-19,2026-03-19,941,903,66.58,Closed,18.0
5204,3,87,Unknown,2026-03-28,2026-05-09,2026-05-29,478,474,38.55,Partial,62.0
5205,8,64,Salt Lake City,2026-03-05,2026-03-21,2026-03-31,212,190,51.29,Open,26.0
5206,3,123,Unknown,2025-12-27,2026-02-05,2026-02-20,348,315,128.74,Closed,55.0
5207,2,140,South Jordan,2026-01-22,2026-02-16,2026-02-25,801,776,18.97,Closed,34.0
5208,6,97,South Jordan,2025-12-23,2026-01-30,2026-01-28,349,330,9.02,Closed,36.0
5209,1,74,Unknown,2025-12-16,2026-01-25,2026-01-26,989,978,92.63,Partial,41.0
5210,4,13,Unknown,2026-04-17,2026-04-25,2026-04-29,414,411,141.11,Closed,12.0
5211,5,131,Draper,2026-04-15,2026-05-03,2026-05-19,735,729,38.48,Closed,34.0
5212,2,48,Salt Lake City,2026-01-27,2026-02-23,2026-02-24,527,525,79.47,Closed,28.0
5213,5,53,Draper,2025-12-31,2026-01-25,2026-01-27,695,671,78.07,Closed,27.0
5214,5,96,Lehi,2026-03-14,2026-03-23,2026-04-06,272,245,150.08,Open,23.0
5215,1,80,South Jordan,2026-01-23,2026-02-16,2026-02-11,445,428,107.94,Closed,19.0
5216,5,125,South Jordan,2026-02-04,2026-03-21,2026-04-07,424,416,62.03,Closed,62.0
5217,5,19,Unknown,2025-12-31,2026-01-14,2026-02-03,520,500,62.92,Closed,34.0
5218,7,66,Salt Lake City,2026-03-13,2026-04-07,2026-04-11,896,848,187.81,Open,29.0
5219,4,102,Salt Lake City,2026-01-22,2026-02-03,2026-02-13,225,195,152.93,Closed,22.0
5220,6,28,Salt Lake City,2025-12-30,2026-01-20,2026-01-27,208,193,66.1,Closed,28.0
5221,6,95,Unknown,2026-03-24,2026-04-09,2026-04-28,62,13,79.55,Closed,35.0
5222,2,54,Lehi,2026-02-21,2026-03-02,2026-03-01,369,358,195.1,Partial,8.0
5223,1,119,Salt Lake City,2026-01-22,2026-02-01,2026-01-31,989,975,26.25,Closed,9.0
5224,5,50,Unknown,2026-02-25,2026-04-01,2026-04-10,91,73,38.72,Open,44.0
5225,6,42,Salt Lake City,2026-01-07,2026-02-18,,78,0,95.14,Closed,
5226,5,133,West Valley,2026-04-17,2026-04-25,2026-04-25,761,759,153.53,Closed,8.0
5227,7,27,Salt Lake City,2026-01-30,2026-02-06,2026-02-19,79,65,39.85,Open,20.0
5228,2,145,South Jordan,2026-04-20,2026-05-01,2026-05-11,979,961,109.37,Open,21.0
5229,3,100,South Jordan,2026-03-27,2026-04-18,2026-05-02,276,246,125.89,Closed,36.0
5230,5,117,South Jordan,2026-04-18,2026-05-18,2026-05-22,672,656,150.57,Closed,34.0
5231,6,95,Unknown,2025-12-07,2026-01-10,2026-01-09,63,49,73.76,Closed,33.0
5232,7,33,South Jordan,2026-03-02,2026-03-22,,451,0,46.12,Closed,
5233,6,114,Unknown,2026-03-11,2026-04-16,2026-04-21,701,688,181.12,Closed,41.0
5234,7,56,West Valley,2026-01-19,2026-03-03,2026-03-21,695,666,156.77,Open,61.0
5235,8,105,South Jordan,2026-03-07,2026-04-02,2026-04-01,501,482,20.97,Open,25.0
5236,5,106,Unknown,2025-12-15,2026-01-03,2026-01-15,931,904,16.82,Closed,31.0
5237,6,114,Draper,2025-12-08,2025-12-28,2026-01-13,196,155,172.11,Closed,36.0
5238,3,148,Draper,2026-01-21,2026-02-06,2026-02-15,271,223,121.48,Closed,25.0
5239,8,81,Salt Lake City,2026-04-16,2026-04-25,2026-05-15,86,83,38.29,Partial,29.0
5240,6,24,Salt Lake City,2026-02-20,2026-03-21,2026-03-20,1000,977,57.73,Open,28.0
5241,8,81,Salt Lake City,2026-04-30,2026-06-04,2026-06-21,199,164,41.82,Closed,52.0
5242,1,39,Unknown,2026-01-12,2026-02-14,2026-02-28,439,399,38.73,Closed,47.0
5243,6,72,Salt Lake City,2026-02-03,2026-02-17,2026-02-16,951,943,96.37,Closed,13.0
5244,2,122,West Valley,2026-03-09,2026-04-15,2026-04-10,620,592,190.94,Open,32.0
5245,8,147,West Valley,2026-01-17,2026-02-21,2026-03-03,989,968,143.7,Open,45.0
5246,6,95,Draper,2025-12-19,2026-01-06,2026-01-10,713,706,71.87,Closed,22.0
5247,7,83,South Jordan,2026-02-14,2026-02-26,2026-03-18,526,516,126.43,Partial,32.0
5248,7,65,South Jordan,2026-01-20,2026-02-28,2026-03-11,945,925,53.53,Closed,50.0
5249,6,14,South Jordan,2026-02-01,2026-02-27,2026-03-07,365,323,65.14,Open,34.0
5250,6,86,Salt Lake City,2026-04-22,2026-05-01,2026-05-15,30,11,148.55,Closed,23.0
5251,5,52,South Jordan,2026-04-01,2026-05-02,2026-05-19,708,687,129.27,Partial,48.0
5252,5,132,Lehi,2026-03-20,2026-04-22,2026-04-21,985,950,15.26,Closed,32.0
5253,2,126,West Valley,2026-02-12,2026-03-08,2026-03-17,960,928,116.92,Open,33.0
5254,5,6,Draper,2026-01-03,2026-01-16,2026-01-16,402,353,19.21,Open,13.0
5255,5,20,Salt Lake City,2025-12-04,2025-12-11,2025-12-16,911,902,150.85,Open,12.0
5256,3,118,Salt Lake City,2026-02-24,2026-03-09,2026-03-05,741,730,40.57,Open,9.0
5257,6,24,Salt Lake City,2025-12-02,2026-01-05,2026-01-07,235,211,53.71,Partial,36.0
5258,8,136,Draper,2026-01-20,2026-02-26,2026-03-15,527,497,13.15,Partial,54.0
5259,7,16,Lehi,2026-03-25,2026-04-12,2026-04-09,200,191,167.81,Open,15.0
5260,3,148,West Valley,2026-01-19,2026-02-02,2026-01-30,212,164,93.84,Closed,11.0
5261,6,42,Draper,2026-03-13,2026-04-26,2026-05-04,538,511,117.66,Partial,52.0
5262,1,89,Draper,2026-02-01,2026-03-13,2026-03-29,277,273,145.12,Open,56.0
5263,8,17,South Jordan,2026-04-07,2026-05-06,,81,0,47.63,Open,
5264,4,115,Salt Lake City,2025-12-05,2025-12-17,2026-01-05,958,922,71.32,Partial,31.0
5265,6,82,South Jordan,2026-03-27,2026-04-25,2026-05-05,399,379,89.11,Open,39.0
5266,2,49,South Jordan,2026-01-29,2026-03-14,2026-03-31,381,361,52.12,Closed,61.0
5267,1,119,Salt Lake City,2026-03-30,2026-05-04,2026-05-22,788,780,27.26,Partial,53.0
5268,4,98,Draper,2026-01-09,2026-02-10,2026-02-18,830,821,161.23,Open,40.0
5269,2,48,Draper,2026-01-26,2026-02-08,2026-02-18,173,172,81.65,Closed,23.0
5270,1,101,South Jordan,2026-01-11,2026-02-06,2026-02-18,304,266,163.59,Closed,38.0
5271,7,111,Salt Lake City,2026-03-23,2026-04-09,2026-04-25,81,77,169.43,Partial,33.0
5272,3,123,South Jordan,2026-02-14,2026-03-02,2026-03-12,842,842,99.26,Partial,26.0
5273,4,41,Draper,2026-02-26,2026-03-24,2026-04-01,646,613,108.59,Partial,34.0
5274,8,88,West Valley,2026-03-07,2026-03-22,2026-04-01,84,58,66.51,Closed,25.0
5275,2,54,South Jordan,2026-02-23,2026-03-16,,944,0,159.35,Partial,
5276,5,143,West Valley,2026-02-27,2026-04-11,2026-04-28,219,169,49.18,Open,60.0
5277,1,59,Unknown,2026-01-31,2026-02-22,2026-03-04,931,925,139.23,Closed,32.0
5278,3,38,Lehi,2026-02-22,2026-03-06,2026-03-15,637,633,202.23,Closed,21.0
5279,3,100,South Jordan,2026-01-20,2026-02-13,2026-02-19,888,873,147.94,Closed,30.0
5280,3,1,Lehi,2026-02-23,2026-03-24,2026-04-03,595,575,122.43,Closed,39.0
5281,8,81,Salt Lake City,2026-04-18,2026-05-07,2026-05-22,212,194,53.39,Open,34.0
5282,5,50,Salt Lake City,2026-04-15,2026-05-24,2026-06-13,405,386,33.24,Partial,59.0
5283,5,53,South Jordan,2026-01-07,2026-02-01,2026-02-16,679,630,54.81,Closed,40.0
5284,4,115,Lehi,2026-03-09,2026-04-20,2026-04-29,796,767,57.23,Partial,51.0
5285,3,51,Salt Lake City,2026-03-28,2026-04-22,2026-04-21,350,347,70.73,Partial,24.0
5286,8,142,South Jordan,2026-04-03,2026-05-03,2026-05-21,404,363,102.44,Partial,48.0
5287,4,102,West Valley,2026-01-16,2026-02-12,2026-03-03,55,19,188.0,Open,46.0
5288,2,11,Salt Lake City,2026-04-11,2026-04-21,2026-05-08,155,147,43.69,Closed,27.0
5289,7,27,West Valley,2026-04-14,2026-05-01,,260,0,30.06,Partial,
5290,3,87,Salt Lake City,2025-12-22,2026-01-24,2026-01-21,524,491,31.72,Closed,30.0
5291,4,102,Lehi,2026-01-10,2026-02-21,2026-02-22,479,465,155.1,Closed,43.0
5292,3,15,Salt Lake City,2026-04-23,2026-05-01,2026-05-18,250,236,166.45,Closed,25.0
5293,8,40,South Jordan,2026-01-06,2026-02-14,2026-02-21,794,793,195.84,Open,46.0
5294,6,75,Salt Lake City,2026-04-07,2026-04-15,2026-05-02,444,432,85.85,Open,25.0
5295,6,10,West Valley,2026-01-24,2026-02-14,2026-02-09,377,345,80.87,Closed,16.0
5296,4,102,Lehi,2026-01-25,2026-02-10,2026-02-25,782,747,186.59,Partial,31.0
5297,5,131,Draper,2026-03-11,2026-03-28,2026-04-16,642,622,42.23,Partial,36.0
5298,1,101,Unknown,2026-01-01,2026-01-26,2026-02-04,637,588,215.04,Closed,34.0
5299,5,53,Draper,2026-01-18,2026-02-01,2026-02-21,129,81,72.83,Open,34.0
5300,6,77,Draper,2026-01-25,2026-03-10,2026-03-16,494,458,82.99,Partial,50.0
5301,7,56,West Valley,2026-04-11,2026-04-19,2026-04-20,869,856,124.26,Closed,9.0
5302,3,100,South Jordan,2026-02-23,2026-03-31,,636,0,146.72,Closed,
5303,4,144,Salt Lake City,2026-02-13,2026-03-07,2026-03-05,925,886,8.54,Open,20.0
5304,4,3,Draper,2026-02-10,2026-02-17,2026-02-24,766,760,100.66,Open,14.0
5305,6,95,Salt Lake City,2026-01-26,2026-02-14,,779,0,85.65,Partial,
5306,5,107,South Jordan,2025-12-07,2026-01-02,2025-12-31,329,316,73.65,Open,24.0
5307,4,8,Unknown,2026-04-02,2026-04-20,2026-04-17,762,745,150.98,Partial,15.0
5308,5,6,South Jordan,2026-04-25,2026-06-01,2026-06-18,176,133,20.53,Closed,54.0
5309,4,8,Salt Lake City,2025-12-11,2026-01-18,2026-01-27,442,406,147.16,Open,47.0
5310,8,17,Lehi,2026-02-11,2026-03-08,2026-03-09,841,829,41.51,Closed,26.0
5311,4,115,South Jordan,2025-12-02,2025-12-11,2025-12-19,592,542,72.2,Closed,17.0
5312,4,13,Unknown,2026-02-13,2026-03-15,2026-03-21,487,477,179.69,Partial,36.0
5313,5,96,Draper,2026-04-22,2026-06-02,2026-06-20,674,637,135.06,Closed,59.0
5314,5,96,South Jordan,2026-03-31,2026-04-29,2026-04-28,853,810,152.86,Open,28.0
5315,8,105,West Valley,2026-03-04,2026-04-07,2026-04-10,926,885,21.24,Closed,37.0
5316,4,116,Draper,2026-04-19,2026-05-06,2026-05-11,538,500,208.65,Partial,22.0
5317,7,139,South Jordan,2026-01-11,2026-02-23,2026-03-15,230,225,90.9,Closed,63.0
5318,1,29,Unknown,2026-04-09,2026-05-20,2026-05-18,609,567,41.2,Closed,39.0
5319,1,59,Unknown,2026-02-25,2026-04-04,2026-04-22,876,851,189.71,Open,56.0
5320,1,101,Salt Lake City,2026-01-27,2026-03-11,2026-03-19,724,710,200.01,Closed,51.0
5321,8,40,Draper,2026-01-19,2026-01-26,2026-02-06,839,835,158.47,Partial,18.0
5322,7,62,Draper,2026-03-15,2026-04-10,2026-04-22,673,672,118.99,Open,38.0
5323,4,8,Lehi,2026-02-15,2026-03-01,2026-03-20,716,688,140.52,Open,33.0
5324,3,109,West Valley,2026-03-03,2026-04-04,2026-04-18,327,314,9.89,Partial,46.0
5325,5,110,Salt Lake City,2026-05-01,2026-06-07,2026-06-20,62,31,162.21,Partial,50.0
5326,7,90,Salt Lake City,2025-12-09,2026-01-01,2026-01-21,412,385,6.94,Open,43.0
5327,7,90,South Jordan,2026-04-06,2026-04-14,2026-04-24,797,781,7.31,Open,18.0
5328,6,24,South Jordan,2025-12-23,2026-01-14,2026-01-31,666,642,75.24,Partial,39.0
5329,7,62,South Jordan,2026-04-01,2026-04-10,2026-04-22,815,802,151.52,Open,21.0
5330,5,106,Unknown,2025-12-26,2026-01-02,2026-01-15,903,875,47.93,Open,20.0
5331,8,129,Unknown,2026-01-17,2026-02-22,2026-03-07,417,376,64.87,Open,49.0
5332,7,65,Lehi,2026-04-30,2026-05-14,2026-05-24,198,188,53.29,Open,24.0
5333,6,75,South Jordan,2026-02-24,2026-03-30,2026-03-29,877,846,70.66,Closed,33.0
5334,1,2,West Valley,2026-03-11,2026-03-29,2026-03-25,329,286,18.66,Open,14.0
5335,4,127,Draper,2026-01-29,2026-03-05,2026-03-03,123,76,46.99,Open,33.0
5336,2,145,Unknown,2025-12-08,2026-01-12,2026-02-01,735,691,103.63,Partial,55.0
5337,2,140,South Jordan,2025-12-29,2026-01-31,2026-02-03,466,462,21.9,Open,36.0
5338,3,23,Draper,2026-02-07,2026-03-08,2026-03-19,961,954,105.69,Open,40.0
5339,6,42,Unknown,2025-12-24,2026-02-05,2026-02-06,476,453,118.48,Open,44.0
5340,6,68,South Jordan,2026-04-03,2026-04-14,,692,0,22.15,Open,
5341,4,144,South Jordan,2025-12-12,2026-01-02,2026-01-06,156,156,11.54,Partial,25.0
5342,7,16,Salt Lake City,2026-04-11,2026-04-18,2026-05-04,292,273,146.77,Closed,23.0
5343,6,82,South Jordan,2026-02-02,2026-03-11,2026-03-12,699,686,88.27,Open,38.0
5344,2,45,Draper,2026-03-11,2026-04-22,2026-05-04,899,857,56.34,Closed,54.0
5345,5,131,South Jordan,2026-01-08,2026-01-19,2026-01-16,599,559,40.61,Partial,8.0
5346,3,58,South Jordan,2026-02-07,2026-03-12,2026-03-20,63,62,128.14,Closed,41.0
5347,5,96,South Jordan,2026-03-12,2026-04-16,2026-04-18,786,747,165.7,Open,37.0
5348,8,105,South Jordan,2026-01-11,2026-02-02,2026-02-06,529,491,27.21,Open,26.0
5349,5,107,Salt Lake City,2025-12-18,2026-01-29,2026-02-17,169,146,94.16,Partial,61.0
5350,1,101,West Valley,2026-02-11,2026-03-19,2026-03-24,330,311,205.91,Closed,41.0
5351,5,131,Draper,2026-04-05,2026-05-06,2026-05-23,623,593,50.02,Partial,48.0
5352,6,24,Lehi,2026-04-06,2026-05-04,2026-05-18,666,649,54.02,Partial,42.0
5353,5,132,Draper,2026-01-29,2026-02-25,,351,0,18.73,Partial,
5354,8,79,South Jordan,2026-01-20,2026-02-17,2026-02-25,305,263,106.99,Closed,36.0
5355,4,36,West Valley,2026-02-15,2026-03-06,2026-03-12,749,736,84.12,Closed,25.0
5356,6,149,Draper,2026-04-14,2026-05-02,2026-05-20,917,904,135.53,Open,36.0
5357,3,87,South Jordan,2026-01-17,2026-02-24,2026-03-03,515,481,35.7,Partial,45.0
5358,3,38,South Jordan,2026-02-05,2026-03-22,2026-03-20,405,405,196.4,Open,43.0
5359,2,49,Unknown,2026-02-05,2026-03-15,2026-03-27,617,581,60.58,Closed,50.0
5360,3,51,Salt Lake City,2026-02-08,2026-02-18,,663,0,71.32,Closed,
5361,1,112,Salt Lake City,2026-03-11,2026-04-07,2026-04-07,145,143,117.38,Open,27.0
5362,6,72,South Jordan,2025-12-29,2026-02-09,2026-02-08,822,809,83.28,Open,41.0
5363,3,146,South Jordan,2025-12-17,2025-12-24,2026-01-07,756,741,164.06,Closed,21.0
5364,3,57,Draper,2026-04-27,2026-05-21,,382,0,21.56,Open,
5365,8,142,South Jordan,2026-04-30,2026-05-27,2026-05-27,845,832,118.38,Open,27.0
5366,6,5,Salt Lake City,2026-01-12,2026-01-24,2026-02-07,296,290,75.76,Closed,26.0
5367,8,105,Draper,2026-01-27,2026-02-18,2026-02-18,933,916,21.58,Open,22.0
5368,3,1,Draper,2026-02-01,2026-02-27,2026-03-13,889,875,135.4,Open,40.0
5369,1,21,South Jordan,2026-03-16,2026-04-20,2026-05-08,929,928,56.57,Open,53.0
5370,4,70,South Jordan,2026-01-23,2026-03-02,2026-03-13,370,338,93.96,Open,49.0
5371,3,100,South Jordan,2026-03-25,2026-05-09,2026-05-08,740,730,112.24,Closed,44.0
5372,2,54,Draper,2026-01-26,2026-02-22,2026-02-25,274,250,185.65,Open,30.0
5373,6,121,Salt Lake City,2025-12-08,2026-01-20,2026-02-06,86,62,56.45,Open,60.0
5374,1,89,South Jordan,2026-03-04,2026-04-04,2026-04-12,761,756,155.0,Closed,39.0
5375,7,66,Draper,2026-03-01,2026-03-22,2026-03-25,510,473,159.1,Open,24.0
5376,8,136,Draper,2026-01-21,2026-01-30,,393,0,10.47,Open,
5377,4,41,South Jordan,2025-12-25,2026-02-05,2026-02-02,557,548,147.75,Partial,39.0
5378,2,37,Draper,2026-03-23,2026-04-16,2026-04-16,254,221,148.42,Open,24.0
5379,7,60,Draper,2025-12-25,2026-01-04,2026-01-24,823,805,145.9,Open,30.0
5380,6,121,Salt Lake City,2026-03-20,2026-04-06,2026-04-26,220,216,59.75,Open,37.0
5381,1,69,Draper,2026-01-16,2026-02-26,2026-03-07,586,577,187.48,Open,50.0
5382,2,48,Salt Lake City,2026-02-02,2026-02-09,2026-02-09,804,772,81.7,Open,7.0
5383,3,15,Draper,2026-03-12,2026-03-27,2026-04-06,179,141,189.96,Partial,25.0
5384,8,147,Draper,2026-02-11,2026-03-19,2026-03-19,747,737,114.83,Open,36.0
5385,2,11,South Jordan,2025-12-19,2026-01-19,2026-01-23,491,448,44.22,Closed,35.0
5386,8,141,West Valley,2026-04-19,2026-05-21,2026-05-30,682,632,183.31,Open,41.0
5387,3,148,South Jordan,2026-03-15,2026-04-07,2026-04-15,190,182,106.67,Open,31.0
5388,5,53,South Jordan,2025-12-20,2026-02-03,,882,0,29.9,Closed,
5389,6,97,Draper,2026-02-16,2026-03-18,2026-03-28,223,196,9.65,Closed,40.0
5390,4,116,South Jordan,2026-01-06,2026-02-01,2026-01-31,36,20,207.43,Closed,25.0
5391,1,103,Salt Lake City,2026-03-31,2026-05-06,2026-05-07,494,479,131.69,Closed,37.0
5392,3,26,South Jordan,2026-02-15,2026-03-17,2026-03-26,951,947,176.96,Open,39.0
5393,3,76,South Jordan,2026-03-02,2026-04-10,2026-04-06,976,972,153.12,Partial,35.0
5394,4,85,Salt Lake City,2026-01-20,2026-02-15,,189,0,118.78,Closed,
5395,4,144,Salt Lake City,2026-02-09,2026-02-19,2026-02-20,665,637,10.64,Closed,11.0
5396,6,86,Unknown,2026-03-29,2026-04-27,2026-05-01,396,359,113.03,Open,33.0
5397,6,113,Unknown,2026-04-05,2026-05-09,2026-05-05,702,698,88.02,Closed,30.0
5398,6,97,Draper,2026-02-24,2026-03-31,2026-04-15,293,288,7.61,Open,50.0
5399,2,99,Draper,2026-02-10,2026-03-14,2026-03-10,330,318,27.07,Closed,28.0
5400,3,146,Lehi,2026-01-20,2026-02-22,2026-02-21,457,444,182.49,Open,32.0
5401,8,17,South Jordan,2026-01-12,2026-01-21,2026-01-31,825,815,38.02,Closed,19.0
5402,1,30,West Valley,2025-12-22,2026-01-27,2026-02-01,651,621,49.69,Partial,41.0
5403,3,148,West Valley,2026-04-23,2026-06-04,2026-06-22,358,325,111.88,Closed,60.0
5404,7,134,South Jordan,2026-02-11,2026-03-28,2026-03-30,251,221,22.44,Partial,47.0
5405,4,85,Lehi,2026-04-11,2026-05-07,2026-05-25,434,418,121.02,Open,44.0
5406,3,38,South Jordan,2026-04-23,2026-05-14,2026-05-16,921,912,205.96,Open,23.0
5407,7,139,Lehi,2026-04-10,2026-05-10,2026-05-17,449,444,82.94,Closed,37.0
5408,6,42,South Jordan,2026-04-04,2026-04-15,2026-04-11,466,457,107.68,Closed,7.0
5409,2,122,South Jordan,2025-12-09,2026-01-06,,141,0,165.14,Closed,
5410,4,102,Draper,2026-05-01,2026-05-21,2026-05-23,313,292,160.81,Closed,22.0
5411,5,84,Draper,2026-03-08,2026-03-20,2026-03-17,835,801,154.73,Closed,9.0
5412,4,127,Salt Lake City,2025-12-25,2026-01-10,,22,0,53.28,Closed,
5413,6,75,Lehi,2026-03-05,2026-04-03,2026-03-31,61,40,73.5,Open,26.0
5414,6,10,Draper,2026-04-30,2026-05-12,,649,0,60.8,Closed,
5415,1,101,Salt Lake City,2026-04-06,2026-04-19,2026-04-23,650,611,205.94,Partial,17.0
5416,4,36,Unknown,2025-12-18,2026-01-23,2026-01-26,181,175,87.3,Closed,39.0
5417,3,58,South Jordan,2026-02-12,2026-02-21,2026-02-26,700,672,97.86,Partial,14.0
5418,5,131,Draper,2026-02-18,2026-03-15,2026-03-22,448,398,52.0,Partial,32.0
5419,5,84,Salt Lake City,2026-01-24,2026-02-15,2026-03-04,178,141,116.86,Open,39.0
5420,3,38,West Valley,2025-12-29,2026-02-02,2026-02-20,95,51,160.93,Partial,53.0
5421,6,149,Unknown,2026-02-01,2026-03-10,2026-03-08,972,926,155.33,Open,35.0
5422,1,78,West Valley,2026-01-24,2026-03-02,2026-03-08,180,176,44.59,Open,43.0
5423,2,9,South Jordan,2026-02-04,2026-03-07,2026-03-17,494,444,134.4,Partial,41.0
5424,4,116,Draper,2026-01-05,2026-02-01,2026-02-18,452,452,190.83,Closed,44.0
5425,7,65,Draper,2026-03-18,2026-03-30,2026-04-04,171,156,38.15,Open,17.0
5426,4,127,West Valley,2026-02-11,2026-03-02,2026-03-10,59,14,59.43,Partial,27.0
5427,5,96,Draper,2026-02-26,2026-03-05,2026-03-24,864,851,169.07,Closed,26.0
5428,6,86,Draper,2026-04-10,2026-05-04,2026-05-15,624,597,142.21,Open,35.0
5429,5,117,West Valley,2026-04-21,2026-05-16,2026-06-04,487,486,114.38,Closed,44.0
5430,8,17,Draper,2026-04-02,2026-05-05,,956,0,52.22,Partial,
5431,3,58,Draper,2026-03-27,2026-04-19,2026-05-04,892,850,92.55,Open,38.0
5432,7,66,South Jordan,2026-03-13,2026-04-05,2026-04-07,61,46,163.53,Closed,25.0
5433,3,1,Unknown,2026-03-22,2026-04-01,,841,0,157.86,Open,
5434,5,107,Lehi,2025-12-06,2026-01-14,2026-02-01,833,784,93.96,Open,57.0
5435,6,14,Salt Lake City,2026-04-08,2026-05-22,2026-06-07,585,570,72.57,Closed,60.0
5436,4,144,Salt Lake City,2026-02-24,2026-03-14,2026-03-15,34,13,11.3,Closed,19.0
5437,3,123,Lehi,2025-12-07,2025-12-20,2026-01-07,768,726,101.03,Partial,31.0
5438,5,107,Lehi,2026-01-12,2026-02-15,2026-02-15,390,371,72.22,Open,34.0
5439,8,141,Salt Lake City,2025-12-19,2025-12-30,,914,0,134.21,Closed,
5440,8,17,Unknown,2026-02-09,2026-02-27,2026-03-08,365,336,38.98,Open,27.0
5441,8,32,Draper,2026-04-04,2026-04-28,2026-05-04,827,803,88.12,Closed,30.0
5442,2,140,Salt Lake City,2026-02-04,2026-02-12,,655,0,23.92,Open,
5443,6,42,West Valley,2026-01-08,2026-02-05,2026-02-22,567,566,98.67,Partial,45.0
5444,3,100,Draper,2026-03-22,2026-04-04,2026-04-23,851,839,128.81,Open,32.0
5445,7,124,South Jordan,2026-05-01,2026-05-12,,782,0,168.33,Open,
5446,3,118,South Jordan,2026-03-11,2026-04-07,2026-04-08,941,929,38.84,Open,28.0
5447,8,147,West Valley,2026-03-02,2026-03-10,,976,0,128.32,Closed,
5448,1,2,Salt Lake City,2026-02-20,2026-03-28,2026-03-26,628,591,21.39,Closed,34.0
5449,2,122,Salt Lake City,2026-04-07,2026-05-19,,763,0,195.93,Open,
5450,2,9,Salt Lake City,2026-02-21,2026-03-15,2026-03-23,320,317,104.49,Partial,30.0
5451,4,36,South Jordan,2026-02-06,2026-03-09,,307,0,77.72,Open,
5452,8,136,Salt Lake City,2026-03-05,2026-03-16,2026-04-03,327,309,12.19,Partial,29.0
5453,2,48,Salt Lake City,2025-12-25,2026-01-09,,637,0,92.85,Partial,
5454,1,30,Draper,2025-12-26,2026-01-18,2026-01-23,929,892,39.16,Open,28.0
5455,7,60,Salt Lake City,2025-12-14,2026-01-07,2026-01-26,583,538,140.2,Open,43.0
5456,3,148,South Jordan,2026-04-20,2026-05-16,,693,0,98.33,Open,
5457,1,80,Salt Lake City,2026-03-19,2026-03-31,2026-04-03,778,772,79.7,Open,15.0
5458,1,2,Salt Lake City,2025-12-29,2026-02-04,2026-02-24,389,373,20.46,Closed,57.0
5459,4,144,Salt Lake City,2026-02-03,2026-02-15,2026-02-15,684,644,12.23,Open,12.0
5460,6,121,South Jordan,2026-01-26,2026-02-10,2026-02-26,541,541,51.77,Open,31.0
5461,4,70,South Jordan,2026-04-28,2026-05-17,2026-05-19,80,68,98.09,Open,21.0
5462,6,75,Lehi,2026-02-28,2026-03-15,2026-03-28,441,424,97.42,Closed,28.0
5464,7,65,Draper,2026-01-03,2026-02-15,2026-03-02,614,606,39.52,Open,58.0
5465,7,60,Draper,2026-02-03,2026-02-12,2026-02-28,424,407,109.93,Open,25.0
5466,3,148,West Valley,2025-12-02,2025-12-22,2026-01-08,34,21,103.03,Closed,37.0
5467,2,37,Unknown,2026-01-08,2026-01-22,2026-01-27,440,397,146.62,Partial,19.0
5468,6,114,Draper,2026-01-22,2026-02-07,2026-02-13,212,181,214.93,Closed,22.0
5469,6,71,Salt Lake City,2026-03-23,2026-04-02,2026-04-10,494,447,156.24,Closed,18.0
5470,1,135,Draper,2026-02-14,2026-03-06,2026-03-10,164,137,47.02,Open,24.0
5471,2,122,South Jordan,2026-04-16,2026-04-27,2026-05-03,330,318,187.97,Partial,17.0
5472,3,123,Salt Lake City,2026-03-11,2026-04-04,2026-04-06,468,419,128.44,Closed,26.0
5473,5,125,Draper,2026-03-10,2026-03-31,,584,0,75.43,Open,
5474,1,69,Unknown,2026-03-06,2026-04-15,2026-04-13,298,279,194.05,Closed,38.0
5475,5,6,Lehi,2025-12-18,2026-01-30,,129,0,20.76,Partial,
5476,7,63,South Jordan,2026-04-23,2026-06-05,2026-06-16,963,930,30.34,Open,54.0
5477,1,39,West Valley,2025-12-07,2026-01-03,2026-01-22,587,587,43.17,Closed,46.0
5478,5,50,Lehi,2026-01-18,2026-01-31,2026-02-18,802,765,33.26,Closed,31.0
5479,1,103,Draper,2026-04-25,2026-06-07,2026-06-14,503,483,160.54,Open,50.0
5480,3,87,South Jordan,2026-03-03,2026-04-09,2026-04-21,361,326,32.88,Open,49.0
5481,5,20,Draper,2025-12-28,2026-02-09,2026-02-11,440,411,148.74,Closed,45.0
5482,8,137,Draper,2025-12-20,2026-01-02,2026-01-14,471,424,41.81,Closed,25.0
5483,7,56,Salt Lake City,2026-03-06,2026-03-19,2026-03-14,960,943,146.17,Open,8.0
5484,4,116,Lehi,2026-01-24,2026-02-05,2026-02-07,646,596,153.83,Open,14.0
5485,2,138,Salt Lake City,2026-02-01,2026-02-10,2026-02-13,574,543,70.1,Closed,12.0
5486,5,106,South Jordan,2026-02-24,2026-03-09,2026-03-22,254,210,71.47,Partial,26.0
5487,6,92,Salt Lake City,2026-03-27,2026-05-08,2026-05-03,776,734,72.25,Partial,37.0
5488,5,50,Draper,2026-01-15,2026-02-01,2026-01-28,770,758,30.06,Closed,13.0
5489,3,76,Salt Lake City,2026-03-29,2026-04-08,2026-04-10,653,607,111.38,Closed,12.0
5490,8,94,South Jordan,2026-02-16,2026-03-22,2026-03-19,873,849,142.21,Open,31.0
5491,4,44,Salt Lake City,2026-03-07,2026-03-16,2026-04-01,883,878,20.51,Closed,25.0
5492,3,55,Draper,2025-12-20,2026-01-05,2026-01-13,254,237,14.37,Open,24.0
5493,5,143,Draper,2026-04-16,2026-05-30,2026-06-12,357,319,48.93,Open,57.0
5494,3,146,Lehi,2026-01-26,2026-03-02,2026-03-16,876,856,199.4,Partial,49.0
5495,3,55,Salt Lake City,2025-12-07,2025-12-26,2026-01-02,811,774,13.54,Open,26.0
5496,7,33,Unknown,2025-12-15,2026-01-05,2026-01-17,992,962,45.71,Closed,33.0
5497,6,149,Draper,2026-01-05,2026-01-15,2026-01-27,916,901,132.19,Open,22.0
5498,5,131,Unknown,2026-04-20,2026-05-01,2026-05-13,105,100,43.7,Partial,23.0
5499,3,67,Draper,2026-02-25,2026-04-08,2026-04-08,65,57,25.71,Closed,42.0
5500,3,23,Unknown,2026-04-13,2026-04-29,2026-04-26,452,447,127.01,Partial,13.0
